Date,llm_score,llm_reasoning
2001-02-22,-1,Maintains existing modest appreciation with no new action; text emphasizes moderating growth and contained underlying inflation despite strong prior-year growth.
2001-07-12,-4,"Explicit shift to neutral zero% policy amid recession language ('technically in recession'), subsiding inflation; clear easing action."
2001-10-10,-4,"Post-9/11 crisis response: widens band amid contraction (-3% GDP), subdued inflation; defensive/dovish framing throughout."
2002-01-02,-2,"Contraction acknowledged, inflation near zero, band restored narrower (technical) but zero% path maintained; mildly dovish tone."
2002-07-11,-1,"Recovery underway but inflation subdued/negative; maintains zero% path, no new easing or tightening."
2003-01-02,-1,"Sluggish outlook, low inflation, neutral stance maintained; balanced but softly dovish given weak growth language."
2003-07-10,-2,"SARS-hit economy, re-centres band down (technical easing), downside risks emphasized, subdued inflation."
2003-10-10,-1,"Recovery from SARS improving, but inflation still muted; policy unchanged, mildly dovish tone given cautious growth language."
2004-04-12,3,"First tightening in years: explicit shift from zero% to modest appreciation, robust GDP growth (11%), inflation forecast raised to 1.5-2%."
2004-10-11,2,"Maintains modest appreciation path; strong growth (9%+ YTD), inflation trending up, monetary conditions described as tightening."
2005-04-12,1,"Maintains appreciation path; inflation described as 'a concern over the medium term' with upside risks, growth support intact."
2005-10-11,1,"Maintains policy unchanged; inflation expected to rise next year, growth resilient despite headwinds."
2006-04-11,0,"Policy held steady; inflation projected higher but 'contained', growth described as strong/robust - balanced tone."
2006-10-10,0,"No change to policy; inflation 'well-contained', growth strong; balanced, steady-as-she-goes tone."
2007-04-10,-1,"Policy maintained; growth expected slower than 2006, downside risks flagged from US subprime, inflation low."
2007-10-10,3,"Explicit tightening: 'increase slightly the slope'; inflation revised up sharply (to 1.5-2%), robust growth cited."
2008-04-10,3,"Explicit tightening (re-centre upward) despite acknowledged growth slowdown risk, driven by inflation surging to 6.6%."
2008-10-10,-4,"Major easing: shift to zero% appreciation amid GFC; GDP contracting, inflation falling from peak; crisis-response dovish tone."
2009-04-14,-4,"Further easing: re-centres band downward; deep recession (GDP -19.7% q-o-q annualised), inflation forecast negative."
2009-10-12,-1,"Policy maintained at zero%; recovery underway but described as needing to be 'moderate', inflation still low."
2010-04-14,4,"Strong tightening: re-centres up AND shifts from zero% to modest appreciation; GDP surged 32% q-o-q, inflation forecast raised."
2010-10-14,3,"Tightening: slope increased slightly plus band widened; inflation rising toward 4%, growth strong (13-15% for year)."
2011-04-14,3,"Tightening: re-centres band upward; inflation elevated at 5.2%, tight labour market and cost pressures emphasized."
2011-10-14,-2,"Easing shift: slope reduced (first loosening after tightening cycle); growth weakening (Eurozone crisis), core inflation set to ease."
2012-04-13,1,"Slight tightening (slope increased, narrower band restored); inflation persistent though modest growth (1-3%) - mixed, mildly hawkish action."
2012-10-12,0,"Policy unchanged; inflation elevated but described as receding, growth modest amid global slow-growth backdrop."
2013-04-12,0,"Policy maintained; inflation elevated (~4%) but forecast to ease, growth modest; balanced tone."
2013-10-14,0,"Policy unchanged; core inflation picking up on cost pass-through, growth modest; balanced."
2014-04-14,0,"Policy maintained; core inflation elevated from cost pass-through, growth moderate; balanced tone."
2014-10-14,0,"No policy change; core inflation firm but headline subdued, growth moderate; balanced."
2015-01-28,-3,Easing: slope reduced amid oil price crash; inflation forecasts slashed sharply (core cut from 2-3% to 0.5-1.5%).
2015-04-14,-1,"Policy maintained post-cut; inflation subdued (near-zero/negative), growth moderate; dovish-leaning continuation."
2015-10-14,-2,"Further easing: rate of appreciation reduced slightly; growth weak (China slowdown spillover), inflation still negative."
2016-04-14,-3,"Significant easing: slope set to zero from modest appreciation; growth outlook dimmed, inflation negative throughout 2016."
2016-10-14,-2,"Policy maintained at zero%; growth weakened further, inflation still negative headline; continued dovish backdrop."
2017-04-13,-1,"Policy maintained at zero%; growth modest, inflation rising only gradually from low base; mildly dovish continuation."
2017-10-13,-1,"Policy maintained; growth slightly better than expected but still modest, inflation stable at low levels."
2018-04-13,2,"Tightening shift: slope increased from zero%; steady growth, inflation rising gradually with trade tension risk noted."
2018-10-12,2,"Second consecutive tightening: slope increased again; growth steady/above potential, core inflation nearing 2%."
2019-04-12,-1,"Policy maintained; growth slowing, inflation forecast downgraded (core cut to 1-2%); mildly dovish tone."
2019-10-14,-2,"Easing: rate of appreciation reduced slightly; growth weak amid US-China trade war, inflation muted."
2020-03-30,-5,"Crisis response: shift to zero% amid COVID pandemic; severe recession forecast (-4 to -1% GDP), deflationary forecast (-1 to 0%)."
2020-10-14,-2,"Policy maintained at zero%; recovery underway but described as modest, inflation still negative/low."
2021-04-14,-1,"Policy maintained at zero%; growth above-trend but core inflation still very low, described as 'well below historical average'."
2021-10-14,2,"First post-COVID tightening: slope raised from zero; inflation rising, growth firm and above trend."
2022-01-25,3,"Second consecutive tightening (pre-emptive); inflation outlook shifted higher (core to reach 3%), growth solid."
2022-07-14,4,"Major tightening (re-centre upward), third consecutive move; inflation surging (core >4%, headline 5-6%), explicit language of 'leaning against' price pressures."
2022-10-14,4,"Fourth consecutive tightening (re-centre upward); inflation still elevated (core ~5%, headline 6-7%), hawkish urgency maintained."
2023-04-14,1,"Policy maintained after 5 consecutive tightenings (pause, not new hawkish action); inflation still elevated but expected to ease, growth slowing sharply."
2023-10-13,-1,"Policy maintained; inflation easing meaningfully from peak (core down to 3.4%), growth muted; net dovish drift in tone."
2024-01-29,-1,"Policy maintained; inflation continuing to decline, growth improving modestly; balanced-to-soft tone."
2024-04-12,-1,"Policy maintained; inflation forecast steady/moderating, growth strengthening gradually; balanced-to-soft tone."
2024-07-26,-1,"Policy maintained; inflation continuing to moderate, growth improving toward potential; mildly dovish continuation."
2024-10-14,0,"Policy maintained; inflation stepping down toward 2%, growth strong (upper end of forecast); balanced tone."
2025-01-24,-3,"Easing: slope reduced slightly (first cut since COVID cycle); inflation falling faster than expected (core to 1.9%), growth projected to slow markedly."
2025-04-14,-4,"Second consecutive easing (slope reduced again); inflation very low (core 0.7%), growth weak amid tariff shock, output gap turning negative."
2025-07-30,-1,Policy maintained after two cuts; inflation subdued but growth more resilient than feared; balanced-to-soft tone.
2025-10-14,0,Policy maintained; inflation troughing at very low levels but growth strong (above-trend); balanced tone with hawkish growth offset by dovish inflation.
2026-01-29,1,"Policy maintained; inflation ticking up from lows, growth resilient with positive output gap; mildly hawkish-leaning balance."
2026-04-14,3,"Tightening: slope increased slightly amid Middle East energy shock; inflation forecasts raised sharply (to 1.5-2.5%), explicit concern over imported cost pressures."
2026-07-27,2,"Second consecutive tightening (smaller than April); inflation elevated and rising, though growth robust; explicit hawkish framing ('leaning against' persistent pressures) tempered by smaller magnitude move."
