MillionUSDollars,2013_Total,2013_Export,2013_Import,2014_Total,2014_Export,2014_Import,2015_Total,2015_Export,2015_Import,2016_Total,2016_Export,2016_Import,2017_Total,2017_Export,2017_Import,2018_Total,2018_Export,2018_Import,2019_Total,2019_Export,2019_Import,2020_Total,2020_Export,2020_Import,2021_Total,2021_Export,2021_Import,2022_Total,2022_Export,2022_Import,2023_Total,2023_Export,2023_Import
Merchandise Trade,807988.7,419936.7,388051.9,793292.6,415377.8,377914.8,666003.8,357905.9,308097.9,629992.6,338083.2,291909.4,700945.8,383252.4,317693.4,782656.9,411973.3,370683.6,749953,390689.9,359263.2,704420.8,374824.8,329596,862846.2,456805.2,406041,990117.4,514873.7,475243.7,898811.9,475915,422896.8
ASEAN [00],216127.5,137946.1,78181.4,205968.8,130198.7,75770.1,172677.5,107802.9,64874.5,162108.1,99374.9,62733.2,179035.9,108088.9,70947,200429.2,121903.5,78525.7,190476.4,112026.6,78449.9,174161.3,93997.3,80164,214011.6,121277.6,92734,253969.7,147185.3,106784.4,220406.2,131638.4,88767.8
Brunei Darussalam [BN],1210.1,1154.8,55.3,1114,882.5,231.5,915.1,776.8,138.2,849.9,766.4,83.4,1062.4,757.2,305.2,1401.3,879.1,522.2,1536.1,1113.1,423,1577.9,790,787.9,2009.2,746.1,1263.1,2777.6,814.8,1962.8,2655.5,829.4,1826.1
Cambodia [KH],6764.8,6582.1,182.7,3916.9,3644.3,272.6,3753.7,3593.6,160.2,3798.1,2450,1348.1,3236.1,2978,258.1,4889.3,4768.9,120.3,4366.8,2277.2,2089.5,4159.8,1524,2635.8,6848,6615.1,232.9,7980.1,7799.4,180.7,3359.5,1998.7,1360.8
Indonesia [ID],63077.6,43647.7,19429.9,57533.2,38474.9,19058.4,44807.3,29614.1,15193.2,40585.9,26581.4,14004.5,43087.1,27952.9,15134.1,48254.2,32973.7,15280.5,42988.4,27377.7,15610.7,35456.5,21494,13962.5,43951,28758.7,15192.3,55363,37202,18161,51418.7,35408.6,16010.1
Lao PDR [LA],32.1,26.3,5.7,49.3,33.8,15.5,92.2,78.8,13.4,51.7,46.3,5.4,38.5,31.9,6.6,52.1,43.6,8.5,61.8,53.5,8.3,121.2,26.8,94.4,87.9,62.7,25.1,227.1,95.9,131.1,96.4,68.5,27.9
Malaysia [MY],92766.3,51890.1,40876.2,89221.9,50150.3,39071.6,71737.6,38670.5,33067.2,67897.5,35640.6,32257,78462.1,39616.2,38845.9,87697.9,44884.3,42813.6,82900.4,41184.6,41715.8,75270.9,33396.5,41874.5,95743.3,42072.4,53670.9,110914.7,51540.4,59374.3,92162.2,44507.5,47654.7
Myanmar [MM],2430.1,2251.3,178.8,2551.2,2390.5,160.6,2578.2,2452.4,125.8,2398.8,2271.9,126.9,2630.1,2519,111.1,2965,2766.9,198.1,3342,3153.1,188.9,2811.5,2697.7,113.8,2697.9,2613.6,84.2,4238.7,4179.4,59.3,3018.6,2954.5,64.1
Philippines [PH],11783.2,6696.9,5086.3,11861.1,6866.5,4994.6,10943.6,6409.7,4533.9,11205.1,6507.6,4697.4,13020.2,7266.3,5753.9,15783.9,7968.5,7815.4,15636.8,8532.5,7104.3,14365.9,7460.3,6905.6,17257,9155,8102,19212.8,10853,8359.8,14967.1,10066.9,4900.2
Singapore [SG],-,-,-,-,-,-,-,-,-,-,-,-,-,-,-,-,-,-,-,-,-,-,-,-,-,-,-,-,-,-,-,-,-
Thailand [TH],24676.7,15368,9308.6,24298.1,15529.9,8768.2,22122,14081.7,8040.2,20962.7,13760.3,7202.4,21854.5,14679.5,7175,23858.7,15560.3,8298.4,23026.5,15363.6,7662.9,23909.2,14131.3,9777.9,25389.9,15605.4,9784.5,30548.9,17487.5,13061.5,31154.5,19122.7,12031.8
Viet Nam [VN],13386.6,10328.9,3057.7,15423.1,12226,3197.1,15727.8,12125.3,3602.4,14358.3,11350.3,3008,15645,12288,3357,15526.8,12058.2,3468.6,16617.7,12971.3,3646.4,16488.5,12476.8,4011.8,20027.4,15648.5,4378.9,22706.8,17213,5493.9,21573.7,16681.5,4892.2
Extra-ASEAN [88],591861.1,281990.6,309870.5,587323.9,285179.2,302144.7,493326.3,250102.9,243223.4,467884.5,238708.3,229176.2,521909.9,275163.5,246746.4,582227.7,290069.8,292157.9,559476.6,278663.3,280813.3,530259.5,280827.5,249432,648834.6,335527.6,313307,736147.7,367688.4,368459.3,678405.7,344276.6,334129.1
European Union [EU-28],77261.2,31094,46167.2,75738,31964.7,43773.3,66089,28133.5,37955.4,67453.8,29040,38413.8,71390.3,41276.6,30113.7,84977.5,36749,48228.5,81489.9,34512.6,46977.4,-,-,-,-,-,-,-,-,-,-,-,-
European Union [EU-27],65827.7,27644.3,38183.4,65936.2,28360.9,37575.3,57269.2,25050.3,32218.8,59121.3,26085.7,33035.6,63082.2,37102.1,25980.2,72951.8,32428.3,40523.4,68220.7,30128.2,38092.5,65466.3,31585.8,33880.5,75935.7,34365.6,41570.1,82348.1,39525.9,42822.2,78566.2,34779.5,43786.7
Austria [AT],1251.8,137.8,1114,1409.2,118.4,1290.8,1151.3,98.6,1052.7,1055,109,946,832.2,319.7,512.5,1068.6,265.7,802.9,961.1,248.9,712.2,822.4,185,637.4,1165.9,298.1,867.8,1266.2,361.9,904.3,1253.6,330.1,923.5
Belgium [BE],6151.3,4461.7,1689.6,6597.2,4953.9,1643.3,6475.4,5144.5,1330.9,6919,5559.6,1359.3,6265.4,5239.5,1025.8,6436.2,5098.6,1337.6,5745.2,4462.2,1283.1,5853.5,4816.8,1036.7,6765.3,5400.5,1364.7,7658.5,6202,1456.5,5818.4,4712.9,1105.5
Bulgaria [BG],368.5,14.4,354.1,837.8,25.4,812.3,314.7,21.1,293.6,190.5,21.3,169.2,185.2,71.1,114,219.6,89.4,130.2,296.4,242.6,53.8,129.5,30.5,98.9,109.3,34.8,74.4,188.7,145,43.6,210.2,28.8,181.4
Croatia [HR],39.2,29.8,9.4,27.7,18.8,8.8,34.3,26.6,7.7,48.6,17.5,31.1,58.4,30.3,28.1,84.1,35.6,48.5,36.6,10.8,25.9,35,17.3,17.7,120.5,32.2,88.3,82.9,31.3,51.6,93.3,51.7,41.6
Cyprus [CY],587.4,571.7,15.7,571.4,544.4,27,418,309.7,108.4,274,246.6,27.4,411.8,390.9,20.9,500.2,459,41.2,437.7,402.9,34.8,405.4,391.7,13.7,460.8,443.1,17.7,593.6,541.9,51.7,516.2,494.6,21.6
Czech Republic [CZ],798,543,255,837.1,521.8,315.4,755.4,464.1,291.2,615.3,311.2,304.2,833.1,562.9,270.2,1028.8,556.7,472.1,993.2,485.2,508,1021.3,451.2,570.1,1265.5,578.8,686.7,1086.4,411.8,674.5,1079.8,388.7,691
Denmark [DK],832.9,293.4,539.4,763.5,282.5,481,720.7,250.6,470.1,645.5,246.1,399.3,599.9,315.8,284.1,805.2,256.9,548.3,661,147.1,513.9,781.5,144.3,637.2,1088.4,334.6,753.8,958.6,334.7,623.9,909.9,277.3,632.6
Estonia [EE],106.4,23,83.3,25,13.7,11.3,36.8,10.7,26.1,39.7,7.2,32.5,30.7,17,13.6,107.2,6.9,100.2,115.9,23.9,92,44.3,15.6,28.7,146.4,19,127.4,129.3,26.4,102.9,363.1,14.1,349
Finland [FI],524.1,162.3,361.8,611.1,199.1,412,417.3,124.5,292.8,402.3,115.5,286.8,479.2,235,244.2,437.1,139,298.1,438.7,91.3,347.4,386.4,68,318.4,535.5,190.7,344.8,937.7,410.1,527.5,1058.1,654.1,404
France [FR],12323.7,4233.5,8090.1,11449,3349.4,8099.6,10311.4,3019.4,7292,11560,3013.3,8546.8,12322.2,5783,6539.2,15780.2,4375.3,11404.9,16142.6,3978,12164.6,14322.8,4064.2,10258.5,15332.8,3827,11505.8,16583.4,3768.8,12814.6,17331,3534.3,13796.7
Germany [DE],16710,5839.9,10870,16031.2,5385.7,10645.5,14496.1,5545.2,8950.9,14467.2,5733.5,8733.6,15695.5,8618.6,7077,16541.2,6414.2,10127,15769.6,5850.8,9918.7,14413.6,5568.9,8844.7,17377.9,7096,10281.8,18050.7,8088.4,9962.3,18113.8,8042.4,10071.4
Greece [GR],1356.9,1088.7,268.2,1457.7,1119.6,338.1,764.1,588.2,175.9,705.1,490.7,214.3,1253.1,822.3,430.8,1584.8,1045.5,539.3,1074.3,900.6,173.7,958.7,857,101.7,1227.1,930.5,296.6,1903.1,1192.9,710.2,1442.6,1041.6,400.9
Hungary [HU],775.6,349.3,426.3,685.8,376.2,309.6,532.7,265.8,266.9,820.3,278.9,541.4,568,345.2,222.8,581.7,285.3,296.4,611.6,332.6,279,659.8,363.2,296.6,884.3,520.1,364.2,911.1,560.4,350.7,923.3,510.9,412.4
Ireland [IE],1443.2,577.9,865.3,1315.8,438.3,877.5,1334.9,430.4,904.5,1206.1,390.8,815.2,1153,460,693.1,1291.9,317.3,974.6,1092.4,360.8,731.6,1728.4,545.4,1183.1,2529,568.5,1960.5,1837.1,766.1,1071,2384.8,1245.9,1138.9
Italy [IT],4670.9,743.3,3927.6,4853.1,715.9,4137.2,4115.6,576.1,3539.4,4329.2,638.2,3691,4489.7,1636,2853.6,5188,841.2,4346.7,4922.4,770.5,4151.9,4691.3,733.7,3957.5,5821.9,880.8,4941.1,6156.9,1080.7,5076.2,6723.5,1086.1,5637.4
Eritrea [ER],0.1,0.1,0,0.1,0.1,0,6.6,6.6,0,0.1,0,0.1,0.1,0,0,1.6,1.5,0,0.2,0.2,0,0.9,0.7,0.2,0.2,-,0.2,0.1,0,0.1,0.3,0,0.3
Latvia [LV],56.9,11.7,45.3,29.2,14.2,15,46.6,10.4,36.2,34.9,11.1,23.8,210.2,103,107.2,322.8,34.3,288.5,59,34.1,24.9,54.5,40.8,13.7,68,42.5,25.5,98.6,65.4,33.2,115.4,91.4,24
Lithuania [LT],171.2,28.1,143.1,56.1,11.6,44.5,102.9,15.4,87.6,79,10.7,68.3,78.8,26,52.8,419.7,11.9,407.8,186.8,18,168.8,214.2,123.3,90.9,371.4,180.8,190.6,286.9,23,263.9,187.7,61.5,126.2
Luxembourg [LU],141.4,76.7,64.7,596.5,553,43.5,132.9,82.8,50.1,143.3,79.1,64.2,118.2,73.4,44.8,200.1,101.5,98.6,227,128,99,274.8,162.5,112.4,157.5,122.6,34.9,413.5,263.4,150.1,385.6,315.3,70.3
Malta [MT],1658.1,1159.3,498.9,1800.3,1500.8,299.4,1114.9,866.7,248.3,1098.3,835.5,262.8,1659.5,1333.6,325.9,2098.7,1691.4,407.3,1486,1225.7,260.3,1556.9,1366.2,190.7,1947.3,1401.9,545.3,2249.9,1936.8,313,1952,1577.3,374.7
Netherlands [NL],12147.4,6420.6,5726.8,12013.4,7298.1,4715.3,10301.2,6186.1,4115.2,10674.8,6900.3,3774.5,11311.3,8559.3,2752,13226.7,8918,4308.7,11733.4,8603.7,3129.6,12694.9,10238.1,2456.8,12841.7,9724.2,3117.5,14009.4,11119.5,2889.8,11189.8,8355.6,2834.2
Poland [PL],459.2,197.1,262,641.9,189,452.9,610.5,201.9,408.7,695.4,227.3,468.1,737.8,367.2,370.6,848.5,370.9,477.6,835.5,360.9,474.6,772.2,355.4,416.8,975.3,439.5,535.7,1051.7,471.8,579.9,1073.3,461.9,611.4
Portugal [PT],153.8,48.9,105,244,124.5,119.5,261.9,136.9,125,487.9,198.9,288.9,879.5,585.6,293.9,822,415.2,406.8,869.4,523.8,345.7,657.5,378.9,278.6,722.3,450.9,271.4,1208.1,850.4,357.7,1020.3,711.6,308.8
Romania [RO],168.2,84.1,84.1,150.5,73.4,77.1,129.5,54.4,75.2,149.2,61.8,87.4,148,78.6,69.4,169.8,62.3,107.5,189.7,50.1,139.6,183.1,65.2,117.9,273.6,83.5,190.1,410.2,172.5,237.7,380.8,124.7,256.2
Slovakia [SK],97.4,29.5,67.9,88.4,29.9,58.4,92.4,25.5,66.9,75.1,21.3,53.7,88.4,39.1,49.3,126.7,30.1,96.6,107.2,23,84.2,109.1,27.8,81.3,235.3,144.7,90.5,127.2,51.2,76,96.2,19.7,76.6
Slovenia [SI],74.8,27.8,47,71.5,25.4,46,99,33.9,65.2,79,31.8,47.2,131.7,86.8,44.9,114.6,46.2,68.4,100.5,35,65.5,81,35.3,45.7,120.1,57.4,62.7,123.3,60.8,62.5,136.6,59.6,77
Spain [ES],1423.1,370.3,1052.8,1526.6,350.3,1176.3,1196.7,423.7,773,1184.4,365.4,819,1216.7,517,699.7,1607.9,360.4,1247.6,1771.9,600,1172,1352.4,393.1,959.3,1741.4,422.7,1318.7,2371.9,427.1,1944.9,2149.5,407.7,1741.7
Sweden [SE],1336.5,120.4,1216.1,1245.3,127.5,1117.8,1301.6,137.3,1164.4,1142.2,163.1,979.2,1324.5,485.1,839.4,1339.3,199.4,1139.9,1355.6,217.9,1137.6,1261.7,146.3,1115.4,1651.5,139.8,1511.7,1653.2,161.2,1492,1657.2,179.7,1477.5
United Kingdom [GB],11433.5,3449.7,7983.8,9801.8,3603.9,6197.9,8819.8,3083.2,5736.6,8332.5,2954.3,5378.3,8308,4174.5,4133.5,12025.8,4320.7,7705.1,13269.3,4384.4,8884.9,12145.4,4246.3,7899.1,10313.8,3458.8,6855,11323.5,3410.6,7912.9,11969.3,3514.6,8454.7
Eurasian Economic Union [EAEU],5906.9,538.2,5368.7,8826.2,616.5,8209.7,5856.9,481.3,5375.5,3336.2,710.5,2625.7,5450.8,680.2,4770.6,6604.6,598.3,6006.3,5536.8,593.7,4943.1,2022,567,1455,4223.4,504.7,3718.7,2811.8,249,2562.8,4185.4,211.9,3973.6
Armenia [AM],3.1,1.5,1.6,3.6,1.2,2.4,3.4,1.1,2.4,2.2,0.5,1.7,1.2,0.3,0.8,2.1,0.8,1.3,2.6,1.1,1.5,1.8,0.9,0.9,2.1,1.4,0.7,3.1,2.1,1.1,4.5,2.2,2.3
Belarus [BY],71.4,3.4,67.9,245.1,2,243.2,134.4,3.6,130.8,16.1,1.4,14.7,7.3,1,6.2,13.7,1.3,12.4,16.2,1.1,15.1,15.3,1.4,13.9,18.6,1.1,17.5,13.8,0.5,13.2,9.4,0.4,8.9
Kazakhstan [KZ],95.5,58.2,37.4,44.2,43.2,0.9,65.5,33.2,32.4,17,13.5,3.5,98.4,16.7,81.8,248.4,22.4,226,236.4,37.5,198.9,62.9,15.2,47.7,458.4,13.5,444.9,293.3,61.6,231.7,447.9,67.6,380.3
Kyrgyzstan [KG],3.6,3.4,0.2,3.7,3.6,0,2.6,2.6,0,1.4,1.3,0.1,2.3,2.2,0.1,2.7,2.4,0.3,4.3,4.2,0,0.9,0.9,0,3.9,2.3,1.6,1.1,1,0.1,4.9,2.6,2.2
Russian Federation [RU],5733.3,471.6,5261.7,8529.7,566.5,7963.2,5650.9,440.9,5210,3299.5,693.8,2605.7,5341.7,660,4681.7,6337.7,571.4,5766.3,5277.4,549.8,4727.6,1941,548.6,1392.4,3740.5,486.5,3254,2500.4,183.8,2316.6,3718.7,138.9,3579.8
Afghanistan [AF],10.7,10.3,0.3,13,12.8,0.2,16.1,15.9,0.2,17.5,17,0.6,20.2,19.5,0.7,24.4,22.7,1.7,33.7,33,0.8,19.9,19.6,0.2,12.2,9.8,2.4,2.7,2.3,0.4,1.7,1.3,0.4
Åland Islands [AX],-,-,-,-,-,-,-,-,-,-,-,-,-,-,-,-,-,-,-,-,-,-,-,-,-,-,-,-,-,-,-,-,-
Albania [AL],1.7,1.3,0.4,2.9,2.4,0.5,0.6,0.5,0.2,0.9,0.3,0.6,1.5,0.8,0.7,2.3,1.2,1.1,3.4,2.4,0.9,2.6,1.7,0.9,3,1.7,1.4,3.5,2.2,1.3,18.6,5.1,13.4
Algeria [DZ],50.5,49.8,0.7,108.1,70.8,37.3,86.3,46.3,39.9,150.3,42.7,107.6,238,51.9,186.1,123.1,122.9,0.2,545.1,37.6,507.5,781,47.3,733.7,1201.7,41.9,1159.7,1011.6,27.6,984,434.1,46.9,387.2
American Samoa [AS],66.5,64.4,2.1,62,61.9,0.1,40.1,39.7,0.4,36.7,36.4,0.3,21.9,21.7,0.2,35.1,34.7,0.4,43.6,43.4,0.3,16.5,16.2,0.3,26.9,26.7,0.2,54.7,54.6,0.2,52.4,51.9,0.5
Andorra [AD],6,5.4,0.5,3.4,2.1,1.3,0.8,0.4,0.4,0.3,0.1,0.2,0.5,0.1,0.4,1.1,0.8,0.3,1.3,0.5,0.7,1.4,0.8,0.6,0.7,0,0.7,2.1,1,1,0.5,0.1,0.5
Angola [AO],407.7,263.1,144.6,890.1,784.8,105.3,427.1,425.2,1.9,158.2,78.2,80,170.2,65.5,104.7,132.9,58.6,74.3,336.3,64.7,271.6,508.2,116.9,391.3,803.2,55.1,748.1,501.5,63.1,438.4,688.8,195.1,493.7
Anguilla [AI],0.2,0,0.2,0,-,0,0,-,0,0.2,0.1,0,1.1,-,1.1,0.1,0.1,0,0.3,0.2,0,0.1,0.1,0,0.1,0,0,0,0,0,0.1,0.1,0.1
Antarctica [AQ],-,-,-,0.1,0,0.1,0.1,0.1,-,-,-,-,-,-,-,-,-,-,-,-,-,-,-,-,-,-,-,0,-,0,0.3,0.3,0
Antigua and Barbuda [AG],348.2,348.1,0.1,301.2,301.2,0,213.2,212.3,0.9,126.7,126.6,0.1,128.5,128.5,0,122.2,120.7,1.5,92.2,92.1,0.1,71.8,71.8,0,71.3,71.3,0,96,96,0,89.3,89.3,0
Argentina [AR],266.7,134.7,132,449.2,280.8,168.4,267.3,118.9,148.4,242.7,165.8,76.9,172.5,116.5,56,174.5,109.7,64.8,197.8,131.2,66.7,248.2,156.8,91.4,226.2,163.4,62.8,307.1,215.1,92,330.3,201.4,128.9
Aruba [AW],47.4,0.1,47.3,99.4,0.3,99.1,2.6,0.5,2.1,0.2,0.2,0,44.4,0.3,44.1,0.6,0.5,0.1,0.1,0.1,0.1,0.2,0.1,0.1,0.1,0,0,0.4,0.3,0,0.7,0.7,0
Australia [AU],20911.1,15540,5371.1,23292.7,15467.8,7824.9,16674.1,11527.3,5146.8,13154.5,9368.8,3785.7,14090.9,10000.2,4090.7,18130.2,12677.4,5452.8,17565.6,11305.7,6260,13316.7,8572.8,4743.9,20250.2,13011.5,7238.6,25123.1,16586.4,8536.7,22072.7,15156.1,6916.6
Azerbaijan [AZ],27.4,27.3,0.1,123.6,123,0.6,196,195.8,0.2,34.4,33.9,0.5,34.2,32.9,1.3,25,22.3,2.7,31.5,31.1,0.4,106,56.9,49,25.2,24.9,0.3,22.8,22,0.8,141.9,33,108.9
Bahamas [BS],991,990.6,0.4,1135.7,1028.9,106.7,592.8,583.2,9.6,470.7,470.3,0.5,660.7,657.8,2.9,952.2,910.9,41.4,676.2,665.7,10.5,865.2,663.8,201.3,978,821.2,156.8,1075.7,1065,10.7,802.8,802.5,0.3
Bahrain [BH],557.8,100.5,457.3,474,145.5,328.5,310,111.7,198.3,245.6,102.2,143.4,379.2,119,260.2,252.9,129.8,123.1,461.4,175.3,286.1,269.7,86.8,182.8,397.8,157.7,240.1,952.2,318.2,633.9,377.8,174.1,203.7
Bangladesh [BD],2706.5,2583,123.5,3508.7,3376.5,132.2,2559.8,2407.5,152.4,2838.4,2620.8,217.6,3155.7,2883,272.6,3701,3432.1,268.9,3285.5,3053.2,232.3,2543,2378.3,164.8,3794.1,3619.8,174.3,5020.8,4827.3,193.5,3363,3230,133
Barbados [BB],7,6.7,0.4,6.1,5.7,0.5,6.6,6.3,0.3,3.4,3,0.4,8.3,7.3,1,15.9,14.9,0.9,17.8,16.9,0.9,18.5,17.3,1.2,20.9,20,0.9,34.9,34.1,0.8,32.6,31.9,0.7
Belize [BZ],16.1,13.1,3,13.7,13.4,0.3,8,7.4,0.6,5.3,4.2,1,10.2,9.1,1.1,9.6,9.4,0.2,6.5,6.1,0.4,9.6,9.6,0,14.9,14.4,0.5,9.3,9,0.3,14,13.7,0.2
Benin [BJ],19.3,18.6,0.8,17.4,16.6,0.7,18.5,18.1,0.5,12.8,12.6,0.2,13.7,12,1.7,8.9,8.7,0.2,4.2,4.1,0.1,6,5.4,0.6,5.4,5.3,0,6.3,6.1,0.2,4.9,4.9,0.1
Bermuda [BM],351,351,0,323.7,323.5,0.2,134.1,134.1,0,79.7,79.5,0.2,98.6,98.5,0,91.7,91.5,0.2,53.3,52.7,0.6,49.6,49.5,0.1,52.6,52.6,0,99.9,99.9,0,49.3,49.3,0
Bhutan [BT],9.3,9,0.3,5.8,5.3,0.5,11.1,11,0.1,14.2,14,0.1,9,8,1,9.4,8.3,1.1,6.8,5.5,1.2,10.5,9.8,0.6,10.2,9.4,0.9,22,17.4,4.6,99,97.3,1.8
Bolivia [BO],28.2,2.7,25.6,16.1,2.4,13.7,33.4,3.1,30.3,70.8,7.4,63.4,38.5,3.3,35.2,4.8,4.1,0.7,10.3,9.2,1.1,4,3.1,0.9,6.5,5.1,1.3,8,7.3,0.6,5,4.4,0.6
"Bonaire, Sint Eustatius and Saba [BQ]",-,-,-,-,-,-,-,-,-,-,-,-,-,-,-,-,-,-,-,-,-,-,-,-,-,-,-,-,-,-,-,-,-
Bosnia and Herzegovina [BA],4.6,3,1.6,2.8,1,1.8,3,1,2.1,3.4,1,2.4,3.3,0.9,2.4,6,1.5,4.5,4.1,0.8,3.3,3.2,0.6,2.6,3.6,0.5,3.1,4.9,0.5,4.4,4.9,0.3,4.7
Botswana [BW],58.4,2.7,55.8,461,17.9,443,343.9,29.6,314.2,563.3,23.2,540.1,390.1,2.8,387.3,368.5,8.9,359.6,283.7,26,257.6,491.1,112.5,378.6,286.2,7.3,278.8,315.4,4.5,311,76.2,2.8,73.4
Bouvet Island [BV],-,-,-,-,-,-,-,-,-,-,-,-,-,-,-,-,-,-,-,-,-,-,-,-,-,-,-,-,-,-,-,-,-
Brazil [BR],4438.1,2734.2,1703.9,3825.9,1594.7,2231.2,2571.4,1149,1422.3,1984.8,871.5,1113.3,2654.7,1208.4,1446.3,2714.5,1160.2,1554.2,2802,1330.9,1471.1,3915.9,1260.1,2655.8,5681.4,1609,4072.4,9558.3,2013,7545.3,7664.1,1843.9,5820.2
British Indian Ocean Territory [IO],23.8,11.1,12.7,25.3,6.6,18.7,25.9,11.4,14.5,30.7,25.3,5.4,27.8,22.7,5.1,25.6,20.7,4.9,33.4,28.3,5.1,36.2,24.5,11.7,40.6,37.8,2.8,35.1,30.4,4.7,61,40.6,20.5
Burkina Faso [BF],2,1.7,0.4,3.3,3.1,0.2,3.3,2.9,0.4,1.8,1.1,0.7,1.4,1.3,0,2.4,1.2,1.2,4.3,3.7,0.5,8.6,7.1,1.5,5.5,5.3,0.2,6,5.8,0.2,4.6,4.6,0
Burundi [BI],0.2,0,0.1,1,0.9,0,0.5,0.5,0,0,0,0,0.1,0.1,0,0.7,0.2,0.6,0.2,0,0.2,0.1,0,0.1,0.1,0,0.1,0.4,0.3,0.2,0.3,0.1,0.3
Cameroon [CM],50.1,39.9,10.3,85.3,49.8,35.5,57.5,14.4,43.1,44.9,11.4,33.5,40.2,17.9,22.3,80.4,33.1,47.3,82.3,21.8,60.5,99.4,28.4,71,56.2,18,38.3,95.5,35.7,59.8,79.5,51.7,27.9
Canada [CA],2904.1,1609.5,1294.6,2343.4,976.5,1366.9,2085.4,749.6,1335.9,2114,741.8,1372.2,2078.3,732.9,1345.4,2484.5,946.3,1538.2,3080.1,1127.9,1952.2,2883.1,1112.2,1770.9,2236.9,750.2,1486.7,3266.6,1037.5,2229.1,3179.7,1120.2,2059.5
Cape-Verde [CV],0.8,0.7,0.1,10,9.8,0.2,1.4,0.4,0.9,6.9,6.6,0.2,1.7,0.6,1.1,0.6,0.3,0.3,0.2,0,0.2,0.8,0.6,0.2,0.8,0.7,0,0.6,0.6,0,1.9,0.9,1
Cayman Islands [KY],164.6,108.7,55.9,136.8,125.8,11,80.5,79.4,1.2,62.1,58,4.1,98.3,82.8,15.5,110.3,106.3,4,98.8,95.1,3.7,111.4,108.8,2.5,101.6,98.7,2.9,128.7,127.6,1.1,94.8,93.4,1.4
Central African Republic [CF],49.8,49.7,0.1,0.5,0.1,0.4,0.2,0.1,0.1,0.5,0.1,0.4,0.2,0,0.2,0.6,0.3,0.3,0.6,0.4,0.1,1.5,1.4,0.2,0.7,0.7,0.1,0.3,0.3,0,0.6,0.5,0.1
Chad [TD],33,1,32,21.3,3.6,17.7,1.7,1.3,0.3,0.6,0.4,0.2,0.7,0.4,0.3,2.2,1.8,0.4,2,1.8,0.2,3.4,0.6,2.8,1,0.9,0.1,1.8,1.8,0,1.9,1.9,0.1
Chile [CL],189.3,91.6,97.7,150.3,55.5,94.8,144.1,58.5,85.6,186.3,64.3,122,142.6,79.1,63.5,172.5,81.8,90.7,168.6,107.9,60.7,203.4,151.7,51.7,202.4,104.8,97.6,358,165.3,192.7,310,227.4,82.6
China (People's Republic of) [CN],93200.4,49240,43960.4,99049.6,54646.3,44403.4,93538.3,51422.8,42115.5,84810.7,44336.7,40474,99284.4,53989.6,45294.8,100117.9,50425.3,49692.6,100730.9,51655.9,49075,99142.9,51610.7,47532.1,122161.1,67612.3,54548.8,126885.9,63972.7,62913.2,124479.9,65626,58853.9
Christmas Islands [CX],3.2,3,0.2,2.5,2.4,0.1,2.5,2.3,0.2,1.1,0.9,0.2,0.7,0.6,0.1,0.9,0.5,0.4,0.4,0.1,0.3,0.6,0.5,0.2,0.3,0.2,0.1,2.1,0.3,1.8,0.2,0.2,0.1
Cocos Islands (or Keeling Islands) [CC],0,-,0,0.1,0.1,0,0.6,0,0.6,0.3,0.3,0.1,0.9,-,0.9,0.2,0,0.1,0,0,0,0.2,-,0.2,0.1,-,0.1,0,-,0,1.9,0.2,1.8
Colombia [CO],1291,81.1,1209.9,721,98.6,622.4,498.5,77.3,421.2,329.5,75.2,254.2,502.9,103.1,399.8,600.6,143.6,457,269.5,108.4,161.1,206.6,69.1,137.6,242.6,95.3,147.3,358.2,131.5,226.8,181.6,114.3,67.4
Comoros [KM],9.1,1.7,7.4,7.9,2.2,5.6,4.3,2,2.3,6.2,2,4.2,4,1.9,2,3.7,2.7,0.9,4.6,4.4,0.2,3.1,2.9,0.2,4.2,3.3,1,8.9,4,4.9,4.1,1.9,2.3
Congo (Dem. Rep. of) [CD],10.3,9.8,0.4,17.1,16.7,0.3,10.2,9.4,0.8,8.9,8.6,0.3,18.2,8.6,9.5,10.3,9.8,0.5,42.3,14.9,27.4,61.1,15.2,46,34.6,15.8,18.8,23.5,23.2,0.4,87,32.6,54.4
Congo [CG],51.5,29.9,21.5,59.6,57,2.6,33.1,31,2.1,36.6,18.2,18.5,41.5,13.7,27.9,236.6,13.4,223.2,58.6,16.1,42.5,129.3,8.7,120.6,157.4,10.3,147.1,141.8,21.4,120.4,52.2,27.3,24.9
Cook Islands [CK],13.4,13.4,0.1,24.4,24.4,0,14.3,14.2,0,7.3,7.2,0,5.8,5.7,0.1,5.2,3.6,1.6,3.5,3.2,0.4,2.1,2,0.1,5.3,5.2,0,7.3,7.2,0.1,11.1,11,0.1
Costa Rica [CR],641.3,27.9,613.4,596.1,27.6,568.5,99.5,27.8,71.7,80.1,26.4,53.8,102.9,46.2,56.7,118.1,34.9,83.2,182.5,42.8,139.7,236.1,82.9,153.1,243.9,110.1,133.8,447.5,210.9,236.7,467.3,79.1,388.2
Côte d'Ivoire [CI],28.9,20.4,8.4,38.4,27.1,11.2,53,36.9,16.2,39.9,23,16.9,33.3,23.1,10.2,35.1,25.6,9.4,26.9,15.2,11.7,42.7,13.4,29.3,68.7,20.1,48.6,71.7,22.1,49.6,105.6,31.6,74.1
Cuba [CU],9.5,3.2,6.2,8.4,2.1,6.3,8.8,2.8,6,11.5,0.9,10.5,58.5,1.9,56.6,9.1,2,7.1,10.9,1.2,9.6,56.2,0.7,55.5,13.1,5.1,8,8.6,0.7,7.9,10.8,0.4,10.4
Curacao [CW],-,-,-,-,-,-,-,-,-,-,-,-,-,-,-,-,-,-,-,-,-,-,-,-,-,-,-,-,-,-,-,-,-
Djibouti [DJ],20.5,19.5,1,26.9,26.5,0.4,27.7,27,0.7,21,20,1,13.7,11.7,2,14.6,12.7,2,18,17.2,0.7,24.4,24.1,0.4,28.2,28,0.2,61.7,54.6,7.2,117.1,22.2,95
Dominica [DM],7.9,7.7,0.1,7.6,7.5,0.1,6.6,6.5,0.2,2.8,2.8,0.1,2.4,2.4,0.1,12.5,12.5,0,13,12.9,0.1,6.9,6.7,0.2,1.2,1.1,0.1,1.8,1.7,0.1,2,1.9,0.1
Dominican Republic [DO],46.5,9.6,36.9,45.8,10.2,35.6,44.9,10.1,34.8,57.8,11.5,46.3,49.9,8.5,41.4,51.5,10.2,41.4,52.3,10.6,41.7,58.5,11.2,47.3,233.1,179.9,53.1,78.9,21.4,57.5,83.2,16.6,66.5
Ecuador [EC],42.2,38.4,3.8,151.6,43.6,108,41.7,34.3,7.4,68.9,37.6,31.3,70.2,60.3,9.9,92.7,78.4,14.3,94.1,78.3,15.8,77.5,52.1,25.5,177.6,95.6,82,106.9,65.8,41.1,102.9,56.9,46
Egypt [EG],648.1,476.9,171.2,530.4,392.6,137.8,494.3,332.9,161.4,387.4,283.7,103.7,480.2,415.2,65,473.1,297,176.1,689.8,334.7,355.1,390.9,222.1,168.8,622.2,251.2,370.9,546.3,373.3,172.9,388.7,283.3,105.5
El Salvador [SV],9.8,8.3,1.5,8.8,6.3,2.5,8.6,6.1,2.6,12.9,5.5,7.4,16.3,4.8,11.5,16.5,4.8,11.7,13.3,6.6,6.7,10.9,4.4,6.5,40.6,21.5,19.1,36.9,17.1,19.8,20.6,7.1,13.5
Equatorial Guinea [GQ],801.1,332.8,468.3,1156.7,24.8,1131.9,319.6,6.8,312.8,85.1,2.7,82.3,244.5,3.3,241.1,530.9,84.4,446.5,218.9,4.5,214.3,71.6,4,67.6,151.9,3.3,148.7,76.8,8,68.9,172.3,8.5,163.7
Ethiopia [ET],29.8,9.6,20.1,22.2,11.8,10.4,24.3,20.9,3.3,33.7,23.3,10.4,49.2,46.5,2.7,214.1,208,6.1,123.8,90.2,33.6,207,106.7,100.3,126.9,27.3,99.6,38.9,34.8,4.1,157.1,100.9,56.2
Falkland Islands [FK],-,-,-,0.7,0,0.7,4.6,-,4.6,1.3,-,1.3,0,-,0,-,-,-,-,-,-,1.1,-,1.1,0.7,-,0.7,1.3,-,1.3,0.7,0,0.7
Faroe Islands [FO],3.2,0,3.2,3.8,0.6,3.2,2.7,1.8,0.9,2.1,1,1.1,1.4,0.9,0.5,0.3,0,0.3,0.3,0.2,0,0.9,0.8,0.1,0.1,0.1,0.1,0,0,0,0.3,0.1,0.2
Fiji [FJ],431.9,424.1,7.8,412.6,405.1,7.6,182.3,178.5,3.8,236.6,232.4,4.2,289.2,286.1,3.2,423.6,418.5,5.1,403.3,395.2,8.1,193.7,191.6,2,276.8,275.1,1.7,520.3,517.2,3.2,519.9,517,2.9
Former Yugoslav Republic of Macedonia [MK],2.8,2.3,0.6,3.8,2.5,1.3,3.4,2.7,0.6,1.7,1.3,0.4,1.6,1,0.6,1.4,0.6,0.8,1.7,0.7,1,1.8,1.1,0.7,3.1,1.4,1.7,6.3,5.2,1.1,3.5,2.7,0.8
French Guyana [GF],0.2,0.1,0.1,0.2,0.1,0.1,0.1,0.1,0,0.5,0.3,0.2,0.1,0,0.1,0.5,0.5,0,0.8,0.4,0.4,4.2,0.1,4.1,0.8,0.1,0.7,11.7,0.5,11.3,1.2,0.3,0.9
French Polynesia [PF],67.4,59.3,8.1,308.7,307.1,1.5,111.5,107.1,4.4,65.1,63.3,1.7,60.1,58.5,1.6,111.4,109.5,1.9,103.3,101.8,1.6,34.2,31.4,2.8,83.7,79.6,4.1,99.2,94.3,4.9,98.4,87.9,10.5
French Southern Territories [TF],-,-,-,4.4,4.4,0,0.1,0,0.1,0.1,-,0.1,0.3,0.2,0,0.1,0,0.1,0.1,-,0.1,0.9,0,0.9,0.2,-,0.2,0.7,0,0.7,0.4,-,0.4
Gabon [GA],100.9,89.2,11.7,57.2,48.5,8.7,48.4,23.5,24.9,16.6,12.8,3.8,21.5,16.3,5.2,65.5,27,38.5,418.7,41.9,376.8,236.8,53.3,183.6,134.6,26.5,108.1,65.2,35.3,29.9,92.4,38.8,53.6
Gambia [GM],0.9,0.7,0.2,1.3,0.9,0.4,0.6,0.6,0,1,0.9,0.1,2.9,2.7,0.2,1.9,1.9,0,1.4,1.3,0.1,2.1,2,0.1,1.8,1.7,0,1,1,0.1,1.8,1.8,0
Georgia [GE],42.4,39.7,2.6,37.8,34.3,3.5,35.4,30.5,4.9,24.3,18,6.3,18.2,12.1,6.1,17.4,12.4,5,41.9,36.4,5.5,34.7,29.5,5.2,7.6,3.1,4.5,14.9,10.1,4.8,18.5,13.6,4.9
Ghana [GH],168.3,90.2,78,203.9,66.5,137.4,183.3,65.1,118.2,197.3,59.8,137.5,189.8,81.7,108.1,289.9,173.1,116.8,191.2,74.2,117,178.2,53.3,124.9,185.9,78.3,107.5,132.9,57.8,75.2,103.1,63.6,39.5
Gibraltar [GI],118.8,118.8,0,91.4,91.2,0.2,70.6,67.5,3.1,38.1,38.1,0,46,45.9,0.1,27.1,26.9,0.2,18.9,18.8,0,14,13.9,0.1,13,12.4,0.6,34.3,15.2,19.1,7.8,6.6,1.3
Greenland [GL],-,-,-,0.1,0.1,0,0.3,0.1,0.2,0.6,0.4,0.2,0.1,0.1,-,-,-,-,-,-,-,0.1,-,0.1,0,0,0,0.6,0,0.6,4,0,4
Grenada [GD],0.1,0.1,0,0.2,0,0.1,0,0,0,0.4,0.2,0.2,3.9,3.4,0.5,1,0.9,0,2.6,2.5,0.1,1.4,1.4,0,0.1,0.1,0.1,0.7,0.6,0.1,0.4,0.3,0.2
Guadeloupe [GP],1.5,0.7,0.9,2.7,2.2,0.5,0.4,0.2,0.2,0.8,0.1,0.7,1.1,0.4,0.8,0.3,0.1,0.2,1.5,1.1,0.4,0.7,0.4,0.3,1.1,0.5,0.6,1,0.1,0.9,8.1,7.3,0.8
Guam [GU],379.3,377.7,1.6,380.3,379.6,0.7,276.5,275.5,1.1,238.9,238.2,0.6,300.8,300.1,0.7,358.1,357.4,0.7,351.1,350.7,0.4,227.4,227.2,0.2,427.8,427.5,0.3,453.1,443.8,9.3,478.4,477.8,0.6
Guatemala [GT],22.6,11.3,11.3,26.7,15.4,11.3,25.4,15.2,10.2,26,16.6,9.4,29.3,13.9,15.4,31,14.6,16.4,37.4,12.7,24.7,43.5,18.6,24.9,73.9,47.6,26.2,60,46.1,13.9,34.7,17.6,17.1
GUERNSEY [GG],1,0,1,1.7,-,1.7,1.4,-,1.4,1.6,-,1.6,2,0.5,1.5,0.9,0.1,0.8,1.2,0.5,0.8,1.1,0,1.1,0.9,0,0.9,0.8,0.1,0.7,0.4,0.1,0.4
Guinea [GN],4,3.8,0.2,9.3,8.5,0.8,8,7.7,0.2,47.6,46.7,0.8,10.1,8.6,1.5,27.7,27.6,0.1,41,10,31,30.8,30.4,0.4,16.1,15.8,0.3,11.9,11.5,0.4,20.6,18.8,1.8
Guinea-Bissau [GW],-,-,-,0.2,0.1,0.1,0.8,0.1,0.7,0.7,0.1,0.6,0.1,0.1,0,0.2,0.2,0,0.4,0.2,0.2,0.1,0.1,0,0.2,0.2,0,0.1,0.1,0,0.2,0.2,0
Guyana [GY],2.5,2.4,0.2,2.5,2.3,0.2,1.9,1.8,0.1,2.6,2.1,0.5,2.8,2.7,0.1,4.8,4.8,0,17.4,16.8,0.6,14.8,14.7,0.1,31,30.4,0.7,92.5,92.1,0.5,51.3,32.1,19.1
Haiti [HT],3,2.6,0.5,2.1,1.8,0.2,1.8,1.5,0.2,3.7,3.1,0.5,2.5,1.9,0.6,3,1.9,1.2,1.7,0.5,1.2,2.2,1.4,0.9,1.4,0.4,1,4.6,3.9,0.6,1.2,0.7,0.5
Heard Island and McDonald Islands [HM],-,-,-,-,-,-,-,-,-,-,-,-,-,-,-,-,-,-,-,-,-,-,-,-,-,-,-,3.7,3.7,-,0,0,0
Holy See [VA],-,-,-,0.9,0.9,0,0.3,0.1,0.2,0.1,-,0.1,0.1,0,0,0.2,0,0.1,0.1,0,0.1,0.1,0.1,0.1,5.7,0.1,5.6,0.2,0,0.1,0.4,0.1,0.3
Honduras [HN],11.8,9.3,2.5,8.2,6.2,2,6.3,3.8,2.5,5,2.4,2.6,6.9,4.5,2.4,7.7,5,2.7,6.2,3.3,2.8,13.2,11.1,2.1,8.3,4.4,3.9,16,11.1,4.9,11.7,7.2,4.6
Hong Kong [HK],49647.9,46060,3587.9,49270.2,45779.2,3491,44770,41109.3,3660.7,46486.3,43280.3,3206,50441.2,46006.4,4434.8,52279.1,48638,3641.1,47980.3,44481.8,3498.5,50147.8,46330.8,3817,63312.7,60065.5,3247.2,60845.3,57834.5,3010.8,52656.8,50443.5,2213.3
Iceland [IS],5.7,1.2,4.5,4.6,1.5,3.1,5.3,1.4,3.9,5.6,3.6,2,2.8,0.5,2.3,5,0.7,4.3,3.4,0.5,3,3.9,0.3,3.6,4.8,0.6,4.2,11.4,3.3,8.1,11.4,7.6,3.8
India [IN],20577.7,11459.7,9118,19766.8,11496.3,8270.5,16776,10992.7,5783.3,15940.6,10042.8,5897.8,18286.2,11012.4,7273.8,19598.3,12340.8,7257.6,17816.2,11453.3,6362.9,14424.9,9228.6,5196.4,19955.5,12604.8,7350.7,22370.3,13906,8464.3,21479.1,14447.3,7031.8
Invalid country code [ZZ],9.6,5.7,4,0.1,0,0,0,0,0,0.5,0.3,0.2,0.6,0.5,0.1,8.3,7.5,0.8,0.5,0.3,0.2,0.6,0.6,0,0.2,0.2,0,0,-,0,0.1,0.1,-
"Iran, Islamic Republic of [IR]",170.9,158.9,12,147.5,139.2,8.3,125.1,115.4,9.7,704.2,116,588.2,939.2,185.7,753.5,356.7,347.9,8.8,31.6,27.6,4,29.6,24.6,4.9,19.1,13.2,5.9,13.6,10.4,3.2,13.2,10,3.2
Iraq [IQ],3088.8,123.5,2965.3,2365.1,61.4,2303.7,1074.5,69.6,1004.9,592.3,105.1,487.2,1706.6,60,1646.7,3704.1,76,3628.1,4040.6,87.1,3953.6,1907.2,93.6,1813.6,1487,90.1,1396.9,1325.1,76.8,1248.3,840.5,85.6,755
Isle of Man [IM],389,388.8,0.2,400.3,400.2,0.1,223.8,223.8,0,191.6,191.6,0.1,304.3,304.2,0.1,433.5,433.3,0.2,283.1,283,0.1,211.8,211.8,0,237.3,237.3,0,305.7,305.3,0.3,276.1,275.9,0.1
Israel [IL],1563,494.1,1068.9,1490.9,574.9,916.1,1221.1,481.1,740,1351.5,700,651.5,1277.2,657.2,620.1,1490.8,861.8,629,1332.8,756,576.8,1243.9,655.1,588.8,1735.7,979.7,755.9,1970.4,992.1,978.3,1410.3,632.1,778.2
Jamaica [JM],4.2,3.5,0.6,5.3,4.9,0.4,4.3,3.8,0.5,4.9,4.4,0.5,5.5,4.7,0.9,14.5,13.7,0.8,26.5,25.8,0.7,25.2,24.7,0.5,13,12.2,0.8,10.3,9.4,1,8.8,7.8,1
Japan [JP],38293.4,17579.7,20713.7,37095.6,16742.1,20353.5,34466.5,15273.7,19192.8,35877.9,14562.8,21315.1,37566.4,17096.1,20470.3,42200.7,20025.8,22174.9,37057.2,17648.6,19408.7,36026.8,17887.2,18139.6,40103.7,18325,21778.7,47490.4,20791.5,26698.9,40596.5,19369,21227.5
Jersey [JE],7.1,5.8,1.3,3.3,1.7,1.7,0.5,0.1,0.4,0.1,0,0,0.1,0,0.1,1.3,1.2,0.1,0.2,0,0.1,0.1,0.1,0,2.9,2.8,0.1,0.3,0.3,0.1,0,0,0
Jordan [JO],195.2,176.3,18.8,130.9,116.3,14.6,100.2,86,14.1,45.3,26.4,18.9,44.8,28.2,16.6,62.7,43.8,18.8,150.7,73.4,77.3,98,67.4,30.6,132.8,62.8,70,132.9,80.9,52.1,162.6,110.6,52.1
Kenya [KE],285.9,273.8,12.1,132.9,125.4,7.5,86.3,79.9,6.4,70.8,64.1,6.6,61.7,51.7,10,75.8,65.5,10.3,130.9,120.4,10.5,126.2,118,8.2,162.7,151.9,10.9,153.5,141,12.4,272.1,261.6,10.5
Kiribati [KI],12.5,12.2,0.3,9.5,9.5,0,5.7,5.7,0,3.9,3.9,0,2.9,2.9,0,2.5,2.5,0.1,4.4,4.4,0,4,4,0,4.2,4.2,0,4.6,4.6,0,3.9,3.9,0
"Korea, Democratic People's Republic of [KP]",69.6,59.3,10.3,53.8,48.6,5.2,29.8,28.4,1.3,13,12.9,0.1,0.5,0.3,0.2,0,-,0,-,-,-,0.1,0.1,-,-,-,-,-,-,-,-,-,-
"Korea, Republic of [KR]",40746,16622.5,24123.4,38514,16689.4,21824.6,32787.9,14496.4,18291.5,31539.8,14510.8,17029,32911.8,16744.4,16167.4,29872.9,15676.9,14196,28941.7,15223.3,13718.4,32396.1,16799.6,15596.5,41821.8,19676.8,22145,51463.8,20828,30635.7,46375.5,20680.9,25694.6
KOSOVO [XK],-,-,-,-,-,-,-,-,-,-,-,-,-,-,-,-,-,-,-,-,-,-,-,-,-,-,-,-,-,-,-,-,-
Kuwait [KW],3778.8,319.3,3459.5,3615.9,196.8,3419.1,2849,175.8,2673.2,2607.5,200.3,2407.1,3436.3,212.6,3223.6,4256.8,172.2,4084.6,2341.9,170.8,2171.1,1646.9,135.1,1511.8,768.8,206.4,562.3,692.1,252.8,439.2,2232,398.6,1833.3
Lebanon [LB],49.3,46.3,3,54.7,49.2,5.5,58.9,51.9,7.1,37.5,34.9,2.6,38.5,37.4,1,42.9,41.4,1.5,33.3,31.2,2.1,24.6,21.3,3.4,17.7,16.3,1.4,16.9,14.6,2.3,28,24.9,3.1
Lesotho [LS],0.6,0.6,0,0.5,0.5,0,1,1,0,0.8,0.7,0,0.3,0.3,0,2.4,0.3,2.2,1.8,0.2,1.7,0.3,0.1,0.2,0.2,0.1,0.1,1.3,0,1.3,8.2,0,8.2
Liberia [LR],3862.3,3861.5,0.9,3949.1,3948.3,0.8,2441.9,2441.9,0,1800.7,1800,0.7,2567.4,2566.8,0.7,3381.4,3381.4,0,2667.3,2667,0.3,2824.9,2824.2,0.7,3346.7,3345.8,0.9,5549.3,5548.3,1,5422.3,5420.4,1.8
Libyan Arab Jamahiriya [LY],98.7,22,76.7,71.6,23.1,48.5,86.3,20.7,65.7,146.9,11,135.9,252.9,14.5,238.4,681.6,21.5,660.1,402.7,22.4,380.3,221,21.6,199.4,188.9,16.5,172.4,390.6,17.9,372.7,243.2,22.8,220.3
Liechtenstein [LI],5,0.1,4.9,5.7,1.2,4.5,4.7,0,4.7,7.1,0,7.1,20.4,0.1,20.3,23.4,0.2,23.2,23.5,0.3,23.2,23,0.8,22.2,29.4,1,28.4,27.8,0.5,27.3,31.5,1.3,30.3
Macao [MO],139.2,126.3,12.9,135.8,122.9,12.9,127,113.7,13.2,163.3,153.8,9.4,257.9,242.4,15.5,377.5,363.1,14.4,214.4,200.4,14,153.6,145.4,8.2,232.2,219.6,12.6,259.9,228.4,31.5,322.9,302.3,20.6
Madagascar [MG],76.4,34.4,42,56.5,24.7,31.8,75,45.6,29.4,99.3,18,81.3,104,15.4,88.7,102.1,42.7,59.3,66.4,37.6,28.8,32.5,9.2,23.3,49.6,13.2,36.4,152.7,69,83.7,96,7.9,88
Malawi [MW],5.5,2.2,3.3,3.9,1.4,2.5,3.8,1.4,2.4,2.5,0.5,2,2.3,1.2,1.2,1.4,0.3,1.2,1.8,0.8,1.1,2.3,1,1.3,4.3,0.6,3.7,1.9,0.8,1,3,1.8,1.2
Maldives [MV],219.4,218.1,1.3,281,279.5,1.5,224.7,224,0.7,223.5,222.2,1.2,239.1,237.8,1.3,267,265.6,1.5,305.8,305.1,0.7,164.4,163.9,0.5,196,195.2,0.8,223.7,223.1,0.6,292.2,255.9,36.3
Mali [ML],1.9,1.7,0.2,6,5.2,0.7,7.8,7.6,0.2,2.9,1.8,1.1,3.1,2.2,0.8,0.9,0.8,0.1,13.3,1.7,11.6,5.5,5.2,0.3,6.8,6.2,0.6,3.5,3.3,0.3,2.1,1.9,0.2
Marshall Islands [MH],2799,2798.5,0.5,2914,2914,0,1943.2,1943.2,0,1669.4,1669.3,0.1,2601.1,2594.9,6.3,3688.6,3688.5,0.1,2882.1,2882.1,0,3006.1,3006.1,0,3591.6,3583.4,8.3,5429.1,5429,0.1,4523.4,4523.4,0
Martinique [MQ],0.1,0.1,0,0.1,0.1,0,0.1,0.1,0,1.5,1.4,0.1,0,0,-,-,-,-,-,-,-,0,0,0,0.1,0,0.1,0.6,0.1,0.5,0.4,0.1,0.2
Mauritania [MR],8.2,7,1.1,20.1,5.3,14.8,4.3,4.1,0.2,4.1,3.9,0.2,8.3,7.5,0.8,4.3,4.1,0.2,3.4,3.2,0.2,2.6,2.6,0,2.7,2.6,0,11.3,11.1,0.1,8.2,7.1,1.1
Mauritius [MU],90,74.7,15.3,90.2,78.9,11.3,86,75.4,10.6,80.5,68.3,12.2,65.4,53.9,11.5,72.6,60.3,12.4,134.4,120.7,13.7,52.4,42.4,10,91.6,82.9,8.7,102.2,84.3,17.9,83.3,68.5,14.8
Mayotte [YT],0.5,0.5,0,0.4,0.4,-,13,13,0,5.7,5.7,0,0.2,0.2,-,0.3,0.2,0.1,0.3,0.3,0,0.3,0.3,0,0.5,0.5,0,0.5,0.5,0,0.5,0.5,0
Mexico [MX],3400.5,946.9,2453.5,3826.3,1001.4,2824.8,3364.8,1432.6,1932.2,3114.1,1180.7,1933.4,3326.6,1281.6,2045,3498.9,1151.2,2347.7,4013.1,1416.2,2596.9,3581.2,1283.2,2298,4108.3,1622.1,2486.1,4470.7,2187.5,2283.3,5284.9,2829,2456
"Micronesia, Federated States of [FM]",3.5,3.4,0.1,5.7,5.7,0,3.3,3.3,0,3.6,3.6,0,3.6,3.6,0,3.8,3.8,0,5.1,5.1,0,4.5,4.5,0,5.2,5.1,0.1,4.5,4.4,0.1,4.3,4.2,0.1
"Moldova, Republic of [MD]",4.2,3.6,0.6,3.4,2.9,0.5,1.1,0.7,0.4,0.9,0.4,0.6,3.4,2.7,0.7,4.1,2.7,1.4,5.7,3.6,2.2,11.1,8.9,2.2,6.3,4.9,1.4,6.5,4.4,2.1,7.7,3.7,4.1
Monaco [MC],1,0.1,0.9,2,0.2,1.8,0.7,0.3,0.4,1.3,0.7,0.6,1.3,0.6,0.7,1.8,0.3,1.5,2.2,0.4,1.8,2.1,0.3,1.7,3.2,1.6,1.6,1.8,1,0.8,13.6,0,13.5
Mongolia [MN],83.4,80.9,2.5,65.5,61.8,3.7,46.3,44.9,1.4,55.5,53.3,2.2,81.7,79.9,1.7,108.8,108.2,0.5,94.8,94.3,0.6,87.8,86.4,1.3,123.8,119.6,4.2,102.4,101.7,0.6,174.4,174.1,0.3
MONTENEGRO [ME],1.5,0.5,1,3,2.7,0.3,2.8,1.7,1.1,2.4,1.9,0.5,3.8,3.2,0.6,2.5,1.7,0.8,2.5,2.1,0.4,2.1,1.9,0.2,2.1,1.9,0.2,4.8,3.7,1.1,2.4,2,0.5
Montserrat [MS],0.1,0.1,0,0.2,0.2,0,0.3,0.3,0,0.2,0.2,0,0,0,0,3.2,2.8,0.4,0.9,0,0.9,0,-,0,0,-,0,1.7,1.7,0,0.2,0.2,0
Morocco [MA],298.6,137.9,160.8,297.1,143.6,153.5,241.7,127.2,114.6,225.3,111.9,113.4,246.9,126,120.9,294.9,151.6,143.3,398.9,223.1,175.7,262.6,111.4,151.2,323.2,174,149.2,496.8,326.6,170.2,669.2,456.2,213
Mozambique [MZ],254.4,250.8,3.6,100.4,97,3.4,103.6,95.4,8.2,43.5,37.4,6.1,28,24.6,3.4,54.4,48.1,6.3,120.9,95.2,25.7,128.4,99.6,28.8,148.6,102.6,46,428.6,370.3,58.4,121.4,83.8,37.6
Namibia [NA],42.6,31,11.6,153.2,122.6,30.7,28.1,16.3,11.8,63.6,6.2,57.3,81.9,7.3,74.6,94.6,6.9,87.8,53.7,12,41.7,85.3,11.2,74.1,70.3,11.9,58.4,83.7,20,63.7,93.2,52.7,40.5
Nauru [NR],1.7,0.9,0.8,0.7,0.6,0.1,0.3,0.3,0,1,1,0,3.8,2.5,1.2,1.2,1,0.2,1.2,1,0.1,0.8,0.6,0.2,0.6,0.5,0.1,1.1,0.5,0.6,1.5,1.1,0.4
Nepal [NP],120.1,115,5.1,102,97.5,4.5,99.2,94,5.2,79.5,73.6,5.9,104,100.3,3.7,114.4,111.6,2.8,144.5,141,3.5,127.4,122,5.4,174.9,173.7,1.2,178.3,152.8,25.6,191.5,185.8,5.7
Netherlands Antilles [AN],548.7,104.7,443.9,314.8,260.6,54.2,96.7,58.6,38.1,100.3,13.1,87.2,324.1,15.3,308.8,57.7,6.3,51.4,15.9,14.1,1.8,47.7,16.5,31.2,12.3,12.3,0,13.1,13.1,0,0,-,0
New Caledonia [NC],575.7,563.7,11.9,447.4,427.4,20,129,127.8,1.2,191.7,190.4,1.3,241.2,240.9,0.3,350.4,349.3,1.1,294.4,294.1,0.3,213.8,213.3,0.5,254.4,250.3,4,368.8,368,0.8,419.3,418.8,0.5
New Zealand [NZ],2724.7,1876,848.8,3120.8,2232.5,888.2,2450.7,1730.9,719.8,2050.8,1453.8,597,2668.2,1797.6,870.7,3061.3,2252.5,808.7,3140.2,2281,859.2,2600.4,1843,757.4,2882.2,2227.7,654.6,5056.8,4197.2,859.6,4121.9,3395,726.8
Nicaragua [NI],5.2,3.3,1.8,3,1.7,1.3,4.3,2.2,2.1,3.7,2.1,1.7,3,2,1,3.8,2.4,1.4,3.2,1.6,1.6,2.5,1.1,1.4,7.3,4.5,2.8,9.5,6.5,3,10.6,5.1,5.5
Niger [NE],10.3,10.2,0.1,15.3,15.1,0.2,5.6,5.1,0.5,1.6,1.1,0.5,1.4,1,0.4,1.2,0.4,0.7,2,1.3,0.7,3.6,3.6,0,1.7,1.4,0.3,1.7,1.5,0.2,2.3,1.9,0.4
Nigeria [NG],321,317.9,3,465.8,459.7,6.1,227.2,211.6,15.6,176.4,162.3,14.1,283.8,225.1,58.7,297.3,190.8,106.4,591.1,243.2,347.9,701,259.1,441.9,1287.5,409.4,878.1,700.6,413.2,287.4,403.8,164.1,239.8
Niue [NU],-,-,-,0.2,0.1,0,0.5,0.5,0,0.5,0.5,0,0.6,0.4,0.2,2,2,0,2.1,2.1,0,1.5,1.5,0,1.1,1.1,0,0.3,0.2,0.1,1.8,1.8,0
Norfolk Island [NF],0.1,0.1,0,2.5,0,2.5,0.4,0.4,0,0.1,0.1,0,1.9,1.8,0.1,0.5,-,0.5,3.9,3.3,0.6,0.2,0,0.2,0,-,0,0.4,0.2,0.2,0.2,0.1,0.1
Northern Mariana Islands [MP],11.4,11.4,0.1,14.2,14.2,0.1,12.3,11.7,0.6,12.8,11.6,1.2,21.3,20.2,1.1,34.2,34.1,0.1,27.6,27.5,0.1,43.7,43.5,0.2,6.5,6.2,0.3,64.3,64.1,0.1,88.4,88.2,0.3
Norway [NO],2786.4,1314.7,1471.7,1921.2,583.4,1337.8,1746.5,338.6,1407.9,2400.8,1527.1,873.7,1092.7,364.3,728.4,1188.9,489.7,699.3,1964.9,815.4,1149.5,1072.5,484.2,588.3,1058.5,574.4,484.1,1799.7,1358.6,441.1,1064.7,541.2,523.5
Occupied Palestinian Territory [PS],-,-,-,-,-,-,-,-,-,-,-,-,-,-,-,-,-,-,-,-,-,-,-,-,-,-,-,-,-,-,-,-,-
Oman [OM],2090.5,273.8,1816.8,677.4,166.6,510.8,498.3,205.3,293,365.7,212.6,153.1,309.8,173.8,135.9,548,171.8,376.2,449.6,247.5,202.1,477,190.7,286.3,756.8,236.7,520.1,989.7,446.1,543.6,894.5,279.1,615.4
Other countries Africa [QN],-,-,-,-,-,-,-,-,-,-,-,-,-,-,-,-,-,-,-,-,-,-,-,-,-,-,-,-,-,-,-,-,-
Other countries Asia [QR],-,-,-,-,-,-,-,-,-,-,-,-,-,-,-,-,-,-,-,-,-,-,-,-,-,-,-,-,-,-,-,-,-
Other countries Oceania [QP],-,-,-,-,-,-,-,-,-,-,-,-,-,-,-,-,-,-,-,-,-,-,-,-,-,-,-,-,-,-,-,-,-
Pakistan [PK],1142.2,1021.8,120.4,1360.2,1168.6,191.6,1320.3,1086.2,234.2,861.6,785,76.5,1038,969,68.9,1015.3,950.9,64.4,1037.8,957.7,80.1,903.1,827.6,75.5,1362.8,1291.8,71,1346.6,1275.8,70.8,1602.7,1408.4,194.3
Palau [PW],8,8,0,3.8,3.7,0.1,4.7,4.7,0,2.7,2.7,0,2.9,2.8,0,6.8,6.8,0,4.5,4.4,0.1,4.6,4.6,0,15.7,15.6,0,24.3,24.2,0.1,17.2,17.1,0
Panama [PA],11321.8,11314.7,7.1,9228,9221,6.9,5454.8,5446.6,8.2,4928.7,4924.4,4.3,5401.2,5333.8,67.4,6283.5,6233.4,50.2,4232.5,4189.1,43.4,3629.4,3624,5.4,4298.8,4294.9,3.9,6204.1,6202.1,1.9,5442.6,5440.3,2.2
Papua New Guinea [PG],845.1,812.1,33.1,818.6,793.7,24.9,808.4,591.5,217,635.3,379,256.2,695.5,460.9,234.6,774.6,530.6,244,774.8,594.4,180.4,805,523.2,281.8,960.3,543.2,417.1,1071.6,868.2,203.4,984.1,800.3,183.8
Paraguay [PY],10.8,9,1.8,18.3,15.8,2.5,14.9,12.2,2.6,5,3,2,5.5,3.4,2.1,6.5,4.9,1.7,5.5,4.6,0.9,7.2,6.2,1,8.7,5.6,3.2,10.8,6.5,4.3,10.2,7.8,2.3
Peru [PE],81.7,65.7,16,86.6,42.6,44,70.9,54.7,16.1,132.2,79.7,52.5,123.7,80.3,43.5,73.3,60.1,13.2,71.2,54.1,17.1,101.2,65.6,35.6,89.4,73.1,16.3,127.7,83.8,43.9,139.6,78.9,60.7
Pitcairn [PN],0.3,0.2,0.1,0.1,0,0,0,-,0,0,-,0,0,-,0,0.1,0,0.1,0.1,0,0,0.2,0.2,0,0,-,0,0.1,0,0.1,0,0,0
Puerto Rico [PR],692.2,418.8,273.4,1609.5,1447.4,162.1,1622.7,1496,126.8,1335,1155.2,179.9,871.1,724.2,147,1431.1,1226.1,205.1,1352.6,1185.1,167.5,1145.5,1050.3,95.1,1128.1,1039.4,88.7,596.7,494.6,102.1,885.8,799.2,86.6
Qatar [QA],8155.7,261.7,7894,8009.6,230,7779.6,3827,191.3,3635.7,3141,142.7,2998.4,5608.6,432.6,5175.9,7589.2,814.2,6775.1,6345.6,964.9,5380.7,4158.4,638.8,3519.6,5747.1,753.7,4993.4,5938,836,5102,6404.5,761,5643.5
Reunion [RE],603.5,590.9,12.6,585.1,578.9,6.2,347,344.9,2.1,277.9,275.4,2.5,366.1,364.3,1.7,476.3,474.5,1.8,433.9,433,0.8,155.8,151.3,4.5,40,39.6,0.4,306.3,302.7,3.6,282.9,279.5,3.4
Rwanda [RW],1.3,1.2,0.1,1.9,1.6,0.3,1.2,1.1,0.1,1.1,0.7,0.3,0.4,0.3,0.1,0.8,0.6,0.3,0.7,0.7,0.1,2.1,1.1,1,0.5,0.3,0.2,2.9,1.7,1.3,1.4,1.3,0.2
Saint Barthelemy [BL],-,-,-,-,-,-,-,-,-,-,-,-,-,-,-,-,-,-,-,-,-,-,-,-,-,-,-,-,-,-,-,-,-
Saint Helena [SH],0.2,0,0.2,0.1,-,0.1,0.1,-,0.1,0.4,-,0.4,0,-,0,0.2,0,0.2,0.5,0,0.5,0.1,-,0.1,1,-,1,4.3,-,4.3,12.9,0,12.9
Saint Lucia [LC],0.1,0.1,0,0,0,-,0,0,0,0.1,0.1,0,0.3,0.3,0,1.4,0.8,0.6,1.7,1,0.7,1.3,0.9,0.4,0.8,0.8,0,1.2,0.8,0.4,0.7,0.6,0.1
Saint Pierre and Miquelon [PM],-,-,-,-,-,-,-,-,-,-,-,-,0,-,0,-,-,-,-,-,-,0,0,0,0,-,0,0,-,0,0,0,0
Samoa [WS],65,64.9,0,23.4,22.8,0.6,21.4,21.4,0.1,36.9,36.8,0,50.6,50.6,0,58.1,58.1,0,60.2,60.2,0,29.5,29.5,0,40.4,40.4,0,80.1,80.1,0,80.5,80.4,0
San Marino [SM],0.3,0,0.3,0.1,0.1,0.1,0,0,0,0.1,0,0.1,0.1,-,0.1,0.2,0,0.2,0.9,0.8,0.1,0,-,0,0,-,0,0.3,0.2,0.1,0.2,0.1,0.1
Sao Tomé and Principe [ST],0,-,0,0.1,-,0.1,0.2,0,0.1,0.1,0,0.1,0.3,0.2,0,3.1,0,3,7.2,0,7.2,8.5,1.3,7.2,6.8,1.5,5.3,1.3,-,1.3,9.4,9.2,0.2
Saudi Arabia [SA],14086.9,1236.3,12850.6,15914.8,1269.7,14645,8960,989.1,7970.9,8897,786.5,8110.5,9972.9,816.5,9156.4,13379.1,753.2,12625.9,9364.7,951.8,8413,6375.4,1298.5,5076.9,7113,949.9,6163.1,10219.5,1120.6,9098.9,7889.7,1158.9,6730.8
Senegal [SN],14.4,12.8,1.6,18.4,17.1,1.3,14.1,11,3,14.8,13.3,1.5,19.2,17.5,1.7,15.6,12.7,2.9,11.2,7.9,3.3,23.2,19.7,3.5,39.7,38.4,1.3,42.2,41.3,1,53.3,51.6,1.6
SERBIA [RS],38.5,3.7,34.8,39.9,4.1,35.8,46.2,5.4,40.8,51.3,2.2,49.1,60.4,5.8,54.6,52,6.4,45.6,26.9,5.3,21.7,20.1,4.3,15.9,30,7.4,22.6,40.7,15.3,25.4,45.6,18.9,26.6
Seychelles [SC],31,30.1,0.9,29.4,27.8,1.6,101.8,97.1,4.7,27.3,25.9,1.4,42,39.8,2.2,46.7,46.2,0.5,51.3,49,2.3,21.6,20.9,0.7,21.6,21.5,0.1,19.9,19.3,0.6,42.9,42.7,0.3
Sierra Leone [SL],24.6,13.4,11.2,3.7,3.6,0.1,2.3,1.9,0.4,2.6,1.1,1.5,3.3,2.6,0.8,8.4,7.7,0.8,2.1,1.9,0.3,4.1,3.2,0.8,16.6,15.2,1.4,21.9,21.7,0.2,5.5,5.1,0.4
Sint Maarten [SX],-,-,-,-,-,-,-,-,-,-,-,-,-,-,-,-,-,-,-,-,-,-,-,-,-,-,-,-,-,-,-,-,-
Solomon Islands [SB],126.2,125.6,0.5,79.7,79,0.7,26.2,26.1,0.2,38.9,38.6,0.2,50.7,48.8,1.9,62.4,60.5,1.9,48.7,47.2,1.5,32.3,31.4,0.9,61.6,61.5,0.1,83.5,83.5,0,73.7,73.7,0.1
Somalia [SO],1.6,1.5,0,1.5,1.4,0.2,1,0.7,0.3,1.1,0.6,0.6,0.9,0.8,0.1,1.3,1.1,0.2,1.6,1,0.5,4.3,3.5,0.8,3.9,3.8,0.1,5.1,5,0.1,2,1.9,0.1
South Africa [ZA],3044.3,1780.2,1264.1,2284.3,1417.7,866.6,1758,1180.9,577,1051.2,410.2,641,1000.9,422.5,578.4,1282.4,616.8,665.7,1017,576.4,440.6,750.7,332.3,418.4,1106.9,413.4,693.4,2011.7,1180.5,831.2,1057.9,646.7,411.1
South Georgia & South Sandwich Islands [GS],-,-,-,-,-,-,-,-,-,-,-,-,-,-,-,-,-,-,-,-,-,-,-,-,-,-,-,-,-,-,-,-,-
South Sudan [SS],0.2,0.2,0,2.9,2.5,0.5,1.4,1.2,0.2,0.1,0,0.1,0,0,0,0.3,0.3,0,2.9,2.9,0,2.7,1.6,1.1,86.5,1.5,85,69.1,1.9,67.2,207.2,2.2,205.1
Sri Lanka [LK],2122.7,1981,141.7,1877.9,1768.7,109.2,1512.3,1405.5,106.8,1547.4,1451.5,95.9,1956.8,1827.5,129.3,1879.2,1784.5,94.7,1292.5,1203.3,89.2,1064.9,974.1,90.8,1279.5,1169.4,110.1,1141.9,1037.4,104.5,1137.8,1044.2,93.7
St Kitts and Nevis [KN],2.4,2.3,0.2,3.5,3.4,0.1,4.5,3.8,0.7,3.2,3.1,0.1,7.2,5.4,1.8,3.1,3.1,0,3.2,3.1,0,6.4,6.4,0,5.4,4.7,0.7,8.1,7.9,0.2,10.4,9.7,0.6
St Vincent and the Grenadines [VC],103.4,103.3,0,94,94,0,42.9,42.9,0,23,23,0,27.4,27.4,0,27.5,27.5,0,50.4,24.5,25.9,8.2,8.2,0,10,10,0,8.6,8.6,0,10.2,9.7,0.5
Sudan [SD],16.9,14.5,2.4,10.2,10.1,0.1,7.8,7.4,0.4,8.2,7.6,0.6,4.6,3.8,0.7,9.3,8.7,0.6,10.1,9.5,0.6,7.2,4.2,3,33.5,5.9,27.6,215.4,5.7,209.7,188.9,5.1,183.7
Suriname [SR],4.6,3,1.6,4.3,3.7,0.6,2.6,2.5,0.2,1.3,1.2,0.1,3.2,3.1,0.1,3,2.8,0.1,2.9,2.4,0.5,2.4,2.4,0.1,3.2,3.1,0.1,3.8,2.7,1,2.9,1.3,1.5
SVALBARD [SJ],0,0,0,-,-,-,-,-,-,-,-,-,-,-,-,-,-,-,-,-,-,-,-,-,-,-,-,-,-,-,-,-,-
Swaziland [SZ],5.4,0.2,5.2,4.2,0.8,3.4,7.4,1.4,6,3.4,1.7,1.7,4,1.9,2.1,3.7,1.6,2.1,3.7,2.4,1.3,4.8,1,3.8,1.1,0.2,0.9,1.5,0.4,1.1,2.7,0.3,2.4
Switzerland [CH],15017.4,1502.3,13515.1,11695.5,1807.3,9888.1,10550.6,1754,8796.6,11316,3587.5,7728.4,11498,2373.1,9124.9,12522.3,2411,10111.3,9447,2781.5,6665.5,8488.3,2533.3,5955,11637.6,3421.1,8216.5,14286,3111.8,11174.3,12203,3883.8,8319.1
Syrian Arab Republic [SY],8.7,8.3,0.4,12.9,12.8,0,9.4,9.2,0.1,8.7,8.6,0.1,9.5,9.4,0.1,10.1,9.6,0.5,6.5,6.5,0,5.4,5.3,0.1,2.1,2.1,0,1.4,1.3,0,2.5,2.5,0
Taiwan [TW],44360.3,15300,29060.3,46239.8,16139.5,30100.3,39223.5,14443.5,24779.9,38016.5,14725.7,23290.8,43715.5,16564.3,27151.3,48396,16990.4,31405.7,48789.6,16401.9,32387.7,54709.5,18286,36423.6,74297.3,23270.4,51026.8,82818.5,25244.9,57573.6,69215.9,20570.7,48645.2
Tajikistan [TJ],1.3,1.1,0.2,1.1,1.1,0,0.3,0.2,0,0.4,0.4,0,0.6,0.6,0,2,1.9,0,0.3,0.3,0,0.1,0.1,0,0.1,0.1,0,0.4,0.3,0,0.6,0.4,0.2
"Tanzania, United Republic of [TZ]",148.9,129.3,19.6,107.7,92.9,14.7,135.3,126.4,8.9,59.7,29.3,30.3,43.8,31.7,12.2,74.5,58.6,15.9,69.4,61.2,8.3,78.4,50.8,27.6,91.9,77,14.9,102.5,87.1,15.5,181.3,168.4,12.9
Timor-Leste [TL],258.2,79.4,178.8,107.3,105,2.3,447.1,149.7,297.4,46.9,42.2,4.8,125.5,51,74.5,83.4,37.4,46,119.2,55.5,63.7,110.4,66.2,44.2,207.9,103.9,104,111.5,92.9,18.5,127.5,86.7,40.9
Togo [TG],102.2,95.7,6.6,201.2,201.1,0.1,419,418.6,0.5,165.5,165,0.5,102,101.2,0.8,48,47.3,0.7,243.9,243.2,0.7,47.2,28.8,18.4,91.6,91,0.6,179.9,179.8,0.2,10,9.7,0.3
Tokelau Islands [TK],1.9,0.9,1,1.3,0.1,1.2,1.2,0.1,1.1,0.3,0,0.2,2.8,0,2.8,2.5,0.1,2.3,4.8,0.1,4.8,18,0.3,17.7,4.8,0,4.7,1.9,0.3,1.6,3.9,0.1,3.8
Tonga [TO],4.1,4,0.1,4.4,4.3,0.1,2.3,2.3,0,5.2,5.1,0,2.8,2.8,0,3.1,3,0,3.6,3.6,0,2.3,2.3,0.1,3,3,0,2.7,2.6,0.1,3.9,3.8,0.1
Trinidad and Tobago [TT],209.7,16.8,192.9,299,15.3,283.7,312.3,269.9,42.4,21.7,17.4,4.3,30.5,14,16.5,59.5,16.1,43.4,80.5,23.7,56.9,50.3,27.3,23,12,11.4,0.6,91.2,28.4,62.8,85.3,19.4,65.9
Tunisia [TN],30.7,19.5,11.2,38.8,22.9,16,39.1,23.6,15.5,39.1,24.8,14.3,66,30.3,35.7,93.7,14.6,79.1,62.7,22.9,39.8,50.1,15.1,35,80.4,28.1,52.3,145.5,46.4,99.1,290.2,34,256.2
Turkey [TR],1085.6,525.1,560.5,970.2,554.7,415.5,1153.6,483.1,670.5,1036.4,475.7,560.7,1263.8,518,745.7,1148.1,518.5,629.6,1440.7,662.7,778,1118.9,738.3,380.6,1712.1,853.6,858.5,1552.2,948.7,603.6,1783.4,1102.4,681
Turkmenistan [TM],18.2,17.8,0.4,22.1,22.1,0,19.4,18.9,0.5,11.9,10.2,1.7,13.8,13.5,0.3,31.8,31.5,0.3,33.2,3.4,29.8,3.7,1.2,2.4,24.2,1.8,22.5,161.1,3.4,157.6,81.5,1.4,80.1
Turks and Caicos Islands [TC],5.7,5.4,0.3,3.9,3.3,0.6,1.1,1,0.2,0.6,0.2,0.4,0.8,0.3,0.4,1,0.7,0.3,1.4,0.1,1.3,0.6,0.1,0.5,0.1,0,0.1,1.8,1.4,0.4,1.4,1,0.4
Tuvalu [TV],46.8,46.8,0,38.1,38.1,0,16.4,16.3,0.1,18.3,17.8,0.6,20.4,20.4,0,22.9,22.9,0,21.7,21.7,0,35.6,35.6,0,41.8,41.8,0,53.8,53.8,0,38.3,38.3,0
Uganda [UG],5.9,3.5,2.4,16.9,9.3,7.5,25.4,6.4,19,22.1,7.6,14.5,18.8,5.5,13.4,15.6,3.3,12.3,14.6,4.6,10,9,4.6,4.3,13.3,6.3,7,13.9,9.9,4,15.2,8.4,6.7
Ukraine [UA],451.2,87.1,364.1,232.1,39.4,192.8,65.7,8.1,57.6,35.7,9.3,26.4,115.6,15,100.6,234.8,18.3,216.5,236.8,23.1,213.7,161,20.3,140.7,65.5,22.8,42.8,71.4,8.9,62.5,34.5,6,28.4
United Arab Emirates [AE],24124.7,5657.9,18466.8,22013.6,6061.6,15952,14096.5,5428.3,8668.2,11249,4077.4,7171.6,12492.6,3667,8825.6,13413.1,3717.5,9695.5,15581.3,4061,11520.2,9330,3064.9,6265.1,16523.7,4013.4,12510.2,21626,5937.8,15688.2,17640.1,5403.2,12237
United States Minor Outlying islands [UM],1,0.3,0.7,0.7,0.4,0.3,1.3,1.2,0.1,1.2,0.3,0.9,1,0.5,0.5,2.9,1.9,0.9,1,0.3,0.6,4.3,1.1,3.3,4.9,2.1,2.9,8.7,3,5.7,7.5,1.8,5.7
United states [US],61513.2,22839.6,38673.6,59782.5,21700.4,38082.1,55079.4,21704.9,33374.5,52459.6,21622.6,30837,57964.4,23474.6,34489.8,72558.5,30656.7,41901.8,77049.8,33242.6,43807.1,74321.8,39224,35097.8,78663.3,38237.4,40425.9,96230.2,44814.5,51415.7,96241.6,44208.2,52033.4
Uruguay [UY],72.1,56.1,16,57.6,43.6,13.9,52.1,35.6,16.6,30.5,19.9,10.7,38.4,18.9,19.5,34.5,16.6,17.9,55.4,18.7,36.7,17.7,8.5,9.2,23.8,10.2,13.6,156.9,15.7,141.3,38.6,17.6,21
Uzbekistan [UZ],27.4,20.5,6.9,9,8.8,0.2,2.3,2.2,0.1,6.7,6.5,0.3,4.5,3.3,1.2,21,10.9,10.1,14.4,12.2,2.2,14.4,14.3,0.1,282.6,5.3,277.3,6,6,0.1,29.5,29.4,0.1
Vanuatu [VU],70.1,69.1,1,95,93.2,1.9,44.6,43.4,1.2,25.9,25.3,0.7,30.5,28.9,1.6,39.9,39.4,0.5,24.3,22.9,1.4,21.6,20.3,1.3,35.1,34.3,0.8,45.9,45.9,0.1,35.4,35.3,0
Venezuela [VE],5629.6,43.5,5586.1,4281.5,67.1,4214.4,1819,43.5,1775.5,1168.6,27.2,1141.5,1373.8,4.5,1369.4,757.5,6.4,751.1,389.1,2.1,387,2.7,1.3,1.4,6.1,5.2,0.9,4.9,2.2,2.7,9.9,7.2,2.7
Virgin Islands (US) [VI],0.3,0.1,0.3,0.2,0.2,0,0.1,0,0.1,0.9,0.5,0.4,0.4,0.1,0.3,0.4,0.2,0.2,0.3,0.2,0.1,0.2,0.1,0.1,0.2,0.1,0.2,0.1,0,0.1,0.5,0.2,0.3
"Virgin Islands, British [VG]",6.1,1.5,4.6,7.4,1,6.4,1.9,0.5,1.4,3.8,0.2,3.6,1.6,0.4,1.2,1.6,1.6,0.1,0.5,0.3,0.2,0.5,0.5,0,0.3,0.3,0,0.2,0.2,0,0.2,0.2,0
Wallis and Futuna [WF],0.5,0.5,0,0.6,0.5,0.1,0.6,0.6,0,0.4,0.4,0,0.7,0.4,0.3,0.4,0.4,0,1.4,0.5,0.9,0.7,0.5,0.1,0.3,0.3,0,0.3,0.2,0.1,0.2,0.2,0
Western Sahara [EH],-,-,-,-,-,-,-,-,-,-,-,-,-,-,-,-,-,-,-,-,-,0,-,0,35.2,35.2,0,0,-,0,0,-,0
Yemen [YE],432.7,211.8,220.9,201.6,99.4,102.2,40.6,39.2,1.4,17.3,15.3,2,16.2,12.2,4,12.6,10.1,2.5,15.6,12,3.6,41.4,11.2,30.2,16.1,11.4,4.7,10.8,8.2,2.6,14.4,12.5,1.8
Zambia [ZM],13.2,7.6,5.7,82.8,2.6,80.2,29.3,3.6,25.7,94.9,2.5,92.4,81.1,1.3,79.9,91,7.5,83.4,144.5,11.5,133,51.5,2,49.5,99.5,5.3,94.2,48.6,8.5,40.1,31.9,4.6,27.3
Zimbabwe [ZW],31.4,5.9,25.5,32.4,3,29.4,20.4,5.8,14.6,48.1,5.5,42.6,25.7,5.5,20.2,25.1,9.1,16,17.1,2,15.1,11.6,1.5,10.1,10.6,2,8.6,11.3,1.4,9.9,10,1.7,8.3
