Table 340-45022 : Hong Kong dollar Interest Settlement Rates,,,,,,
 ,,,,,,
 , ,Hong Kong dollar Interest Settlement Rates,Hong Kong dollar Interest Settlement Rates,Hong Kong dollar Interest Settlement Rates,Hong Kong dollar Interest Settlement Rates,Hong Kong dollar Interest Settlement Rates
,,Rates at end of period(percent per annum),Rates at end of period(percent per annum),Rates at end of period(percent per annum),Rates at end of period(percent per annum),Rates at end of period(percent per annum)
Period,,Overnight,1 week,1 month,3 months,6 months
Year,Quarter,,,,,
1996,,N.A.,N.A.,5.48,5.61,5.70
1997,,N.A.,N.A.,7.27,9.39,10.91
1998,,N.A.,N.A.,5.38,5.39,5.77
1999,,N.A.,N.A.,5.63,5.88,6.21
2000,,N.A.,N.A.,6.31,5.93,5.83
2001,,N.A.,N.A.,2.10,2.07,2.13
2002,,N.A.,N.A.,1.49,1.50,1.54
2003,,N.A.,N.A.,0.09,0.15,0.27
2004,,N.A.,N.A.,0.28,0.35,0.58
2005,,N.A.,N.A.,4.10,4.23,4.38
2006,,4.04,3.92,3.91,3.90,3.95
2007,,3.44,3.21,3.25,3.45,3.54
2008,,0.20,0.11,0.30,0.95,1.45
2009,,0.03,0.05,0.08,0.14,0.29
2010,,0.05,0.08,0.23,0.28,0.37
2011,,0.39,0.44,0.34,0.38,0.56
2012,,0.10,0.13,0.28,0.40,0.55
2013,,0.08,0.14,0.21,0.38,0.55
2014,,0.05,0.11,0.24,0.38,0.54
2015,,0.05,0.11,0.22,0.39,0.55
2016,,0.66,0.62,0.75,1.02,1.27
2017,,1.34,1.32,1.19,1.31,1.36
2018,,4.60,2.55,2.24,2.33,2.46
2019,,4.56,3.13,2.67,2.43,2.43
2020,,0.04,0.09,0.18,0.35,0.54
2021,,0.06,0.08,0.16,0.26,0.32
2022,,3.23,3.55,4.35,4.99,5.40
2023,,6.09,5.36,5.27,5.15,5.19
2024,,5.65,5.09,4.58,4.37,4.20
2025,,4.38,4.03,3.08,2.93,2.99
1996,Q3,N.A.,N.A.,5.46,5.64,5.88
1996,Q4,N.A.,N.A.,5.48,5.61,5.70
1997,Q1,N.A.,N.A.,5.84,5.91,6.09
1997,Q2,N.A.,N.A.,6.10,6.19,6.34
1997,Q3,N.A.,N.A.,7.49,7.47,7.47
1997,Q4,N.A.,N.A.,7.27,9.39,10.91
1998,Q1,N.A.,N.A.,5.54,6.51,7.41
1998,Q2,N.A.,N.A.,9.88,9.97,10.91
1998,Q3,N.A.,N.A.,7.11,8.12,8.92
1998,Q4,N.A.,N.A.,5.38,5.39,5.77
1999,Q1,N.A.,N.A.,5.67,5.75,6.19
1999,Q2,N.A.,N.A.,5.87,5.87,6.13
1999,Q3,N.A.,N.A.,5.54,5.80,6.55
1999,Q4,N.A.,N.A.,5.63,5.88,6.21
2000,Q1,N.A.,N.A.,5.88,6.11,6.39
2000,Q2,N.A.,N.A.,6.14,6.49,6.77
2000,Q3,N.A.,N.A.,6.31,6.34,6.42
2000,Q4,N.A.,N.A.,6.31,5.93,5.83
2001,Q1,N.A.,N.A.,5.14,4.94,4.89
2001,Q2,N.A.,N.A.,3.81,3.80,3.82
2001,Q3,N.A.,N.A.,2.58,2.48,2.47
2001,Q4,N.A.,N.A.,2.10,2.07,2.13
2002,Q1,N.A.,N.A.,2.13,2.27,2.56
2002,Q2,N.A.,N.A.,1.79,1.83,1.94
2002,Q3,N.A.,N.A.,1.91,1.89,1.87
2002,Q4,N.A.,N.A.,1.49,1.50,1.54
2003,Q1,N.A.,N.A.,1.38,1.38,1.38
2003,Q2,N.A.,N.A.,1.11,1.11,1.16
2003,Q3,N.A.,N.A.,0.66,0.81,0.98
2003,Q4,N.A.,N.A.,0.09,0.15,0.27
2004,Q1,N.A.,N.A.,0.08,0.17,0.31
2004,Q2,N.A.,N.A.,0.15,0.46,0.87
2004,Q3,N.A.,N.A.,1.00,1.12,1.34
2004,Q4,N.A.,N.A.,0.28,0.35,0.58
2005,Q1,N.A.,N.A.,2.53,2.72,2.92
2005,Q2,N.A.,N.A.,3.40,3.39,3.44
2005,Q3,N.A.,N.A.,4.18,4.21,4.25
2005,Q4,N.A.,N.A.,4.10,4.23,4.38
2006,Q1,3.92,3.96,4.15,4.44,4.57
2006,Q2,3.99,3.96,4.19,4.56,4.80
2006,Q3,3.80,3.94,4.25,4.21,4.26
2006,Q4,4.04,3.92,3.91,3.90,3.95
2007,Q1,4.31,4.54,4.23,4.20,4.20
2007,Q2,4.20,4.35,4.48,4.47,4.54
2007,Q3,5.02,5.92,5.47,5.15,4.98
2007,Q4,3.44,3.21,3.25,3.45,3.54
2008,Q1,1.50,1.50,1.68,1.98,1.98
2008,Q2,2.34,1.80,1.90,2.31,2.61
2008,Q3,2.37,3.71,4.36,3.66,3.50
2008,Q4,0.20,0.11,0.30,0.95,1.45
2009,Q1,0.35,0.20,0.32,0.90,1.20
2009,Q2,0.13,0.10,0.10,0.36,0.66
2009,Q3,0.05,0.10,0.14,0.22,0.53
2009,Q4,0.03,0.05,0.08,0.14,0.29
2010,Q1,0.04,0.05,0.10,0.15,0.25
2010,Q2,0.10,0.22,0.52,0.57,0.70
2010,Q3,0.10,0.15,0.24,0.33,0.45
2010,Q4,0.05,0.08,0.23,0.28,0.37
2011,Q1,0.05,0.09,0.21,0.26,0.33
2011,Q2,0.05,0.06,0.20,0.26,0.34
2011,Q3,0.05,0.06,0.21,0.28,0.38
2011,Q4,0.39,0.44,0.34,0.38,0.56
2012,Q1,0.10,0.11,0.30,0.40,0.55
2012,Q2,0.10,0.13,0.30,0.40,0.57
2012,Q3,0.17,0.20,0.30,0.40,0.55
2012,Q4,0.10,0.13,0.28,0.40,0.55
2013,Q1,0.08,0.10,0.21,0.38,0.54
2013,Q2,0.09,0.12,0.21,0.38,0.55
2013,Q3,0.10,0.14,0.22,0.39,0.55
2013,Q4,0.08,0.14,0.21,0.38,0.55
2014,Q1,0.06,0.13,0.21,0.37,0.55
2014,Q2,0.20,0.19,0.23,0.38,0.55
2014,Q3,0.06,0.16,0.25,0.38,0.54
2014,Q4,0.05,0.11,0.24,0.38,0.54
2015,Q1,0.06,0.12,0.24,0.39,0.53
2015,Q2,0.11,0.14,0.24,0.39,0.54
2015,Q3,0.08,0.10,0.24,0.40,0.56
2015,Q4,0.05,0.11,0.22,0.39,0.55
2016,Q1,0.09,0.12,0.23,0.56,0.89
2016,Q2,0.12,0.15,0.26,0.57,0.89
2016,Q3,0.22,0.15,0.29,0.59,0.94
2016,Q4,0.66,0.62,0.75,1.02,1.27
2017,Q1,0.10,0.22,0.44,0.94,1.08
2017,Q2,0.34,0.37,0.47,0.78,0.98
2017,Q3,0.92,0.67,0.58,0.78,0.96
2017,Q4,1.34,1.32,1.19,1.31,1.36
2018,Q1,0.59,0.90,0.99,1.21,1.54
2018,Q2,2.70,2.24,2.01,2.10,2.26
2018,Q3,3.88,3.04,2.23,2.28,2.38
2018,Q4,4.60,2.55,2.24,2.33,2.46
2019,Q1,2.67,1.88,1.66,1.76,1.93
2019,Q2,2.97,2.76,2.53,2.46,2.40
2019,Q3,3.04,2.23,1.88,2.26,2.33
2019,Q4,4.56,3.13,2.67,2.43,2.43
2020,Q1,1.85,2.01,2.05,1.93,1.94
2020,Q2,0.18,0.29,0.44,0.78,1.02
2020,Q3,0.10,0.18,0.48,0.61,0.75
2020,Q4,0.04,0.09,0.18,0.35,0.54
2021,Q1,0.03,0.06,0.13,0.23,0.42
2021,Q2,0.05,0.07,0.10,0.17,0.26
2021,Q3,0.04,0.04,0.06,0.14,0.24
2021,Q4,0.06,0.08,0.16,0.26,0.32
2022,Q1,0.09,0.17,0.31,0.55,0.99
2022,Q2,1.43,0.98,0.87,1.75,2.40
2022,Q3,2.26,2.35,2.62,3.33,4.01
2022,Q4,3.23,3.55,4.35,4.99,5.40
2023,Q1,1.94,2.58,3.14,3.71,4.01
2023,Q2,5.75,5.27,4.93,4.97,4.97
2023,Q3,5.68,5.75,5.40,5.27,5.39
2023,Q4,6.09,5.36,5.27,5.15,5.19
2024,Q1,5.00,5.01,4.80,4.72,4.75
2024,Q2,4.98,4.83,4.61,4.75,4.81
2024,Q3,6.39,4.95,4.32,4.18,4.03
2024,Q4,5.65,5.09,4.58,4.37,4.20
2025,Q1,3.85,3.43,3.73,3.88,3.97
2025,Q2,0.03,0.16,0.73,1.68,2.38
2025,Q3,5.02,4.18,3.54,3.53,3.41
2025,Q4,4.38,4.03,3.08,2.93,2.99
2026,Q1,2.77,2.32,2.24,2.36,2.66
2026,Q2,3.84,3.03,2.94,2.97,3.14
 ,,,,,,
Note(s):,,,,,,
"The Hong Kong Association of Banks (HKAB) is the source and owner of the Hong Kong dollar (HKD) Interest Settlement Rates. As part of the HKAB forward rate agreement terms, daily HKD Interest Settlement Rates are fixed by reference to market rates for HKD deposits in the Hong Kong interbank market. These fixings are usually released on the website of the HKAB each business day (excluding Saturdays) at 11:15 a.m., on the basis of quotations provided by 12 to 20 banks designated by the HKAB. The HKD Interest Settlement Rates are calculated by averaging the middle quotes after excluding the highest three quotes and lowest three quotes received from the reference banks.",,,,,,
Figures are revised on a monthly basis to take into account any subsequent amendments submitted by authorized institutions. ,,,,,,
N.A. Not available,,,,,,
 ,,,,,,
Source:,,,,,,
"Hong Kong Monetary AuthorityFor further information, please visit the website of the Hong Kong Monetary Authority(www.hkma.gov.hk/eng)(Enquiry telephone no. : 2878 8222 Enquiry e-mail : hkma@hkma.gov.hk)",,,,,,
 ,,,,,,
"Release Date: 15 July, 2026",,,,,,
